property_str,label_en,label_fr,comment_en,comment_fr,substance_exponent,electric_exponent,lenght_exponent,luminous_exponent,mass_exponent,temperature_exponent,time_exponent,dimensionless_exponent,reference_unit,reference_unit_str,units,units_uuid
metron:08d42e3f-b7a0-49e2-82d7-79cd03585f5d,% RLA,% RLA,,,0,0,0,0,0,0,0,0,Percent,,%,metron:9e0f6749-91e4-4d2f-aae2-97b9cbfac1fa
metron:9588d244-aca0-432e-958b-23bbf3c26bf6,Absolute Thermal Resistance,Résistance Thermique Absolue,,,0,0,-2,0,-1,1,3,0,Kelvin Per Watt,,K/W,metron:d95a3a84-c5c7-4a33-8225-6c071161e5e2
metron:60326690-b01c-44ba-ad37-06405344e866,Acceleration,Accélération,,,0,0,1,0,0,0,-2,0,Meter Per Square Second,,"m/s², mm/s²","metron:95305deb-92f1-471f-babc-4439e892bad8, metron:a56da222-95b3-451f-a5e3-f5d302e4bd0a"
metron:59b69d9c-f2e9-4120-a629-7b6e98caed8c,Accumulated Snowfall,Chute de Neige Cumulée,,,0,0,1,0,0,0,0,0,Meter,,"m, mm, ft, km, cm, µm","metron:1dcc45e9-41c5-4d57-9cf8-c5a8aa2a5c77, metron:43698332-5b94-4ef5-bd31-45401dd6068e, metron:571f5bd4-065b-48a4-9ee6-2e8fb719ce5b, metron:5b9e223a-8492-4e9d-8086-6c91c095b123, metron:6bfdbde5-f780-4029-9796-6a7ae8ed5967, metron:d053d1e1-fda4-4435-aad8-7278331ac95e"
metron:7deea234-e5d9-4368-af7d-ad115c196ba9,Active Energy,Energie Active,,,0,0,2,0,1,0,-2,0,Joule,,"J, MWh, kJ, MW.s, kW.s, MWd, GJ, kWh, W.s, MJ, Wh, GWh","metron:e6a2ba3d-c240-4f63-a2c4-cc1558603d0b, metron:ccc8c390-391a-454a-a968-9f975b4d7fc4, metron:f2327135-3f11-41f3-a25c-082889ddb960, metron:03ac9acf-c979-4e3d-8ee3-a3076192d622, metron:045b5e02-01b1-4a33-bdae-7b58daaa6f5f, metron:176fd651-2b47-4fa8-9c30-21a6c4bfb47e, metron:252ff58c-6037-47b7-94cf-0b0ac76e887f, metron:30cc758c-7825-44c8-a021-3bb7436e5dd5, metron:368dcb3d-d4e9-4153-bb74-1ed0edd1b7d9, metron:4c4a914a-9dcb-4142-aefd-b704401e12aa, metron:513fafd7-d971-47df-bc14-0f5b448b4cf2, metron:93e08fa8-d5ad-4728-b06f-bb1d8d091172"
metron:1d94e168-8232-431f-8083-1cebe63ec2be,Active Power,Puissance Active,,,0,0,2,0,1,0,-3,0,Watt,,"kW, W, MJ/h, GW, MW, Wh/d, Btu/h, kWh/d, MMBtu/h, GJ/h, MWh/d, J/h, kWh/h, th/h","metron:056668ba-e28a-4e8c-a0be-1ebc3541e5e2, metron:4cc74320-d5ed-4479-818a-e8d7a6aa1ab1, metron:b3a20c60-74da-4cde-a54a-c7830537fc1d, metron:d172682d-603c-4bb0-b442-36589a482aff, metron:0ce34129-b886-4a41-8cf4-a585e04a1b7a, metron:13dac0cd-6640-48c8-861a-1ca83e52f18d, metron:3e85d538-83a7-434c-8c8a-0127aedf87dc, metron:337eb34e-2428-4963-9720-2b685605d33a, metron:561df5c5-333c-4314-8de4-7fab58828864, metron:6f2ce799-957d-4bb4-a26b-72945826b169, metron:63b372d2-b47b-4684-8a47-da5ca8fc01c4, metron:77954468-1af1-4bd3-89b6-621b56dd86ee, metron:84c3b27c-4911-4cf8-a3f3-2f1faa62817c, metron:8809af4e-3b78-4d43-a836-d08418690275"
metron:e1e67df4-5060-467c-8478-8e6017afaf59,Adiabatic Compression Efficiency,Rendement de Compression,,,0,0,0,0,0,0,0,0,Percent,,"Dimensionless, %","metron:9fbbb7a8-c133-4f97-a561-e467e086143d, metron:9e0f6749-91e4-4d2f-aae2-97b9cbfac1fa"
metron:40dcccce-716f-405c-8d85-41921b398d85,Amount Of Substance,Quantité De Matière,,,1,0,0,0,0,0,0,0,Mole,,"mol, mmol","metron:fd04336c-2be2-4fbd-bc43-50c599a0052c, metron:3c3b0655-21f7-41ac-9bb9-62c924ef91b9"
metron:d34cc8f9-e3a8-4258-a758-588a7af045a3,Angle,Angle,"A degree (in full, a degree of arc, arc degree, or arcdegree), usually denoted by ° (the degree symbol), is a measurement of a plane angle, defined so that a full rotation is 360 degrees.","Un degré, généralement représenté par ° (le symbole degré), est une mesure d'un angle plan, qui représente le 1/360 d'un tour complet1 ; un degré est aussi équivalent à π/180 radians.",0,0,0,0,0,0,0,0,Radian,,"rad, °","metron:6f140e1c-cbe0-4dc7-bcf8-8c59e7d65fed, metron:9f8593a2-e5e6-47dd-ba97-986ee95b0c28"
metron:84b79a76-d9db-49fd-b413-9f3500d3ea12,Apparent Energy,Energie Apparente,,,0,0,2,0,1,0,-2,0,Joule,,"J, MWh, kJ, MW.s, kW.s, kWh, W.s, MJ, Wh, GWh, kVAh, VAh","metron:e6a2ba3d-c240-4f63-a2c4-cc1558603d0b, metron:ccc8c390-391a-454a-a968-9f975b4d7fc4, metron:f2327135-3f11-41f3-a25c-082889ddb960, metron:03ac9acf-c979-4e3d-8ee3-a3076192d622, metron:045b5e02-01b1-4a33-bdae-7b58daaa6f5f, metron:30cc758c-7825-44c8-a021-3bb7436e5dd5, metron:368dcb3d-d4e9-4153-bb74-1ed0edd1b7d9, metron:4c4a914a-9dcb-4142-aefd-b704401e12aa, metron:513fafd7-d971-47df-bc14-0f5b448b4cf2, metron:93e08fa8-d5ad-4728-b06f-bb1d8d091172, metron:17362bcf-33d7-45b9-b98f-85b75d28d5bb, metron:3fad3836-db10-4963-9a58-5749e45597e5"
metron:eb66ec40-2811-466c-aeec-f7ee68039be4,Apparent Power,Puissance Apparente,,,0,0,2,0,1,0,-3,0,Volt-ampere,,"VA, kVA, MVA, GVA","metron:ecc69167-df03-498a-a77e-c3974ca8ebaa, metron:2f9ef042-3304-4b3c-87a7-fdb9ddd4d3c7, metron:6384c29b-8e8b-48f8-a907-d6cfb9ece9bd, metron:6a7744fc-f976-475a-ba26-0233de9d7dfa"
metron:eb4982d9-a2a9-4e5d-934d-526ba817e335,Apparent Temperature,Température Apparente,,,0,0,0,0,0,1,0,0,Degree Kelvin,,"K, °C, °F, da°C","metron:bc74c6e1-8ac0-4491-9e91-fc4c97d0baeb, metron:59c20b5c-b271-4d4e-ab2b-db92e24cbe61, metron:a1b32680-a76f-4f06-8dfb-54535895bba5, metron:d30519eb-04da-4682-a159-63374cb7d974"
metron:9eaaa209-fa2c-4634-a4bc-8a8c969e5c7a,Azimuth,Azimuth,https://fr.wikipedia.org/wiki/Azimut,https://en.wikipedia.org/wiki/Azimuth,0,0,0,0,0,0,0,1,Radian,,"rad, °","metron:6f140e1c-cbe0-4dc7-bcf8-8c59e7d65fed, metron:9f8593a2-e5e6-47dd-ba97-986ee95b0c28"
metron:9b7f4f3c-2ca9-47fd-bf2e-b00a663b25a7,Blower Vfd Setpoint,Consigne Du Ventilateur À Variation De Fréquence (Vfd),,,0,0,0,0,0,0,0,1,Percent,,%,metron:9e0f6749-91e4-4d2f-aae2-97b9cbfac1fa
metron:0588ab10-9bd2-403f-b294-26e8f0886848,Burner Air Valve Opening,Ouverture De La Valve D’Air Du Brûleur,,,0,0,0,0,0,0,0,1,Percent,,%,metron:9e0f6749-91e4-4d2f-aae2-97b9cbfac1fa
metron:56f4f7dc-9610-4704-9236-a411d109e541,Burner Gas Valve Opening,Ouverture De La Valve De Gaz Du Brûleur,,,0,0,0,0,0,0,0,1,Percent,,%,metron:9e0f6749-91e4-4d2f-aae2-97b9cbfac1fa
metron:a5095b7b-e7fa-409d-94dd-aeb1101aecd8,CO Concentration,Concentration en CO,,,0,0,0,0,0,0,0,0,Percent,,"%, ppm","metron:9e0f6749-91e4-4d2f-aae2-97b9cbfac1fa, metron:f5d69757-a5e8-4057-a1a3-413f82c3c0c5"
metron:3541142f-edef-4476-9f48-40e6d4ae5e67,Capacity,Capacité,,Capacité d'une batterie. Propriété homogène à une énergie.,0,0,2,0,1,0,-2,0,Joule,,"J, MWh, kJ, MW.s, kW.s, MWd, GJ, kWh, W.s, MJ, Wh, GWh","metron:e6a2ba3d-c240-4f63-a2c4-cc1558603d0b, metron:ccc8c390-391a-454a-a968-9f975b4d7fc4, metron:f2327135-3f11-41f3-a25c-082889ddb960, metron:03ac9acf-c979-4e3d-8ee3-a3076192d622, metron:045b5e02-01b1-4a33-bdae-7b58daaa6f5f, metron:176fd651-2b47-4fa8-9c30-21a6c4bfb47e, metron:252ff58c-6037-47b7-94cf-0b0ac76e887f, metron:30cc758c-7825-44c8-a021-3bb7436e5dd5, metron:368dcb3d-d4e9-4153-bb74-1ed0edd1b7d9, metron:4c4a914a-9dcb-4142-aefd-b704401e12aa, metron:513fafd7-d971-47df-bc14-0f5b448b4cf2, metron:93e08fa8-d5ad-4728-b06f-bb1d8d091172"
metron:eb2365ac-6f86-4ace-9709-4888af06274e,Charging Rate,Taux de Charge,,,0,0,0,0,0,0,0,0,Charging Rate Unit,,C-rate,metron:dcc164ac-da0c-4aab-a394-424facf71fd4
metron:b7275f5f-9161-49b1-b730-425e5959d316,Cloud Coverage,Couverture Nuageuse,,,0,0,0,0,0,0,0,0,Percent,,"Dimensionless, %","metron:9fbbb7a8-c133-4f97-a561-e467e086143d, metron:9e0f6749-91e4-4d2f-aae2-97b9cbfac1fa"
metron:fc547939-2ff0-40b4-8978-25bf6dde6d71,Cloud Coverage High Level,Couverture Nuageuse Haute,Low-level (>5km AGL),> 5km au dessus du sol,0,0,0,0,0,0,0,0,Percent,,"Dimensionless, %","metron:9fbbb7a8-c133-4f97-a561-e467e086143d, metron:9e0f6749-91e4-4d2f-aae2-97b9cbfac1fa"
metron:754a40bc-c401-4a9b-97ad-6b833470a73e,Cloud Coverage Low Level,Couverture Nuageuse Basse,Low-level (~0-3km AGL),0 - 3km au dessus du sol,0,0,0,0,0,0,0,0,Percent,,"Dimensionless, %","metron:9fbbb7a8-c133-4f97-a561-e467e086143d, metron:9e0f6749-91e4-4d2f-aae2-97b9cbfac1fa"
metron:410dc287-b9f5-4d59-abf6-1f118483304e,Cloud Coverage Medium Level,Couverture Nuageuse Moyenne,Low-level (~3-5km AGL),3 - 5km au dessus du sol,0,0,0,0,0,0,0,0,Percent,,"Dimensionless, %","metron:9fbbb7a8-c133-4f97-a561-e467e086143d, metron:9e0f6749-91e4-4d2f-aae2-97b9cbfac1fa"
metron:ea89255a-8b10-45ec-8131-d23b67277fdd,Coal Price,Prix du charbon,,,0,0,0,0,-1,0,0,0,Dollars Per Kilogram,,"$/kg, €/kg, JPY/kg, $/t, DKK/t, €/t, KRW/t, DKK/kg, DH/kg, JPY/t, KRW/kg, DH/t","metron:164a9e18-2494-4696-bbef-49b61eab18dd, metron:298fb141-e8bf-47b0-a588-58c0371a2ca8, metron:32387a5c-7860-4171-a5cd-b4524d5bd5bf, metron:3b1c1648-b83f-430c-99cb-dc5c6bd0e981, metron:402c4d63-90c5-4d9e-92a2-d64694ad0bf5, metron:6309518d-2c9a-442c-861b-f8f0712a2a2f, metron:998cec5f-fd44-483c-9092-082e713225b5, metron:a48110af-82f4-49db-a84b-4e68f9a0f325, metron:c154b146-d693-4f83-b4ad-b127fac35962, metron:e6fbc23d-8a81-49da-980c-5e8879dadd42, metron:f6d024ba-d298-41e5-8476-7c1e1e6c4f93, metron:0de078af-e800-401c-b03a-a93dc885170b"
metron:1e118cdb-de52-47bb-bed3-569b5c51d26d,Combustion Blower Opening,Ouverture Du Ventilateur De Combustion,,,0,0,0,0,0,0,0,1,Percent,,%,metron:9e0f6749-91e4-4d2f-aae2-97b9cbfac1fa
metron:03bab987-0204-4e85-90bb-d22cbd3bc8bc,Condensing Temperature,Température de Condensation,,,0,0,0,0,0,1,0,0,Degree Kelvin,,"K, °C, °F, da°C","metron:bc74c6e1-8ac0-4491-9e91-fc4c97d0baeb, metron:59c20b5c-b271-4d4e-ab2b-db92e24cbe61, metron:a1b32680-a76f-4f06-8dfb-54535895bba5, metron:d30519eb-04da-4682-a159-63374cb7d974"
metron:59a6dce2-4a33-4e37-99b2-30dc9f37487b,Consumed Energy,Energie Consommée,,,0,0,2,0,1,0,-2,0,Joule,,"J, MWh, kJ, MW.s, kW.s, kWh, W.s, MJ, Wh, GWh","metron:e6a2ba3d-c240-4f63-a2c4-cc1558603d0b, metron:ccc8c390-391a-454a-a968-9f975b4d7fc4, metron:f2327135-3f11-41f3-a25c-082889ddb960, metron:03ac9acf-c979-4e3d-8ee3-a3076192d622, metron:045b5e02-01b1-4a33-bdae-7b58daaa6f5f, metron:30cc758c-7825-44c8-a021-3bb7436e5dd5, metron:368dcb3d-d4e9-4153-bb74-1ed0edd1b7d9, metron:4c4a914a-9dcb-4142-aefd-b704401e12aa, metron:513fafd7-d971-47df-bc14-0f5b448b4cf2, metron:93e08fa8-d5ad-4728-b06f-bb1d8d091172"
metron:2fc70fcb-7b3e-464b-942a-5c5b732a39e1,Consumed Power,Puissance Consommée,,,0,0,2,0,1,0,-3,0,Watt,,"kW, W, MW, Wh/d, kWh/d, MWh/d","metron:056668ba-e28a-4e8c-a0be-1ebc3541e5e2, metron:4cc74320-d5ed-4479-818a-e8d7a6aa1ab1, metron:0ce34129-b886-4a41-8cf4-a585e04a1b7a, metron:13dac0cd-6640-48c8-861a-1ca83e52f18d, metron:337eb34e-2428-4963-9720-2b685605d33a, metron:63b372d2-b47b-4684-8a47-da5ca8fc01c4"
metron:4461a282-8529-427a-b23f-d14b7294bf87,Consumed Volume,Volume Consommé,,,0,0,3,0,0,0,0,0,Cubic Meter,,"m³, Nm³, dam³, L, hL, Sft³, Sm³, ft3, dm³, cm³, gal, mL","metron:ec02640b-8c8b-400f-8413-9f7340f1d5f7, metron:03db9d01-1e88-4198-a9f9-1f20a8305669, metron:0995bb70-a6cb-47d1-b5fa-4d531cfecf33, metron:262e890d-0ea1-4478-84e5-98e9ff240f51, metron:2b59cd9b-4695-44b1-a4d4-e86842e93f98, metron:42b5dad9-44de-4d1a-8886-e2c11f794be3, metron:4d300e2f-0ad5-4180-baa3-087159dd6455, metron:b433c179-c538-4d69-a7e5-62826b01aa2c, metron:c5e6932b-c5ae-4269-9995-0106f3d426c9, metron:f2a9f357-9c11-408a-bf92-da5638979aef, metron:f776ea2a-32d1-48ec-b08c-027972ffd304, metron:fb5c06f0-ef0b-4071-af55-4c6b1653ceb3"
metron:d3cc654e-0145-40da-bc7a-2dfdfb74e17c,Cooling Degree Day,Degré Jour Unifié Climatisation,,,0,0,0,0,0,1,1,0,Kelvin-Day,,"K.d, °C.d","metron:3a970274-c6e2-4fe7-a7db-7dbae0636119, metron:bdff7a58-97c1-40ef-8f9e-996f1d36ada8"
metron:11c053fc-8853-460c-9335-848598545d40,Cooling Rate,Vitesse De Refroidissement,,,0,0,0,0,0,1,-1,0,Kelvin Per Second,,"K/s, °C/min","metron:05f34764-e46c-4d76-a584-dd33f7626b23, metron:326a8f23-507b-4af8-8cc0-dae6a27ffcde"
metron:050fe32b-5094-452f-a2e6-2f3fa909d5d1,Cooling Water Valve Status,Etat De La Vanne D’Eau De Refroidissement,,,0,0,0,0,0,0,0,1,Percent,,%,metron:9e0f6749-91e4-4d2f-aae2-97b9cbfac1fa
metron:051e5f7a-6647-403b-ae8e-8978f05d5465,Currency,Monnaie,,,0,0,0,0,0,0,0,1,Dollar,,"$, DH, MKRW, kJPY, M$, AED, €, k€, JPY, k$, MDH, Kr, MJPY, MDKK, M€, kDH, kDKK, ₩, kKRW","metron:2b4cd768-e794-47f6-ae89-59cd58e20589, metron:07a17718-2059-45a3-aa70-ddfb66db4e30, metron:11c5420f-d835-443d-b34e-6f232844c257, metron:4491cce1-4d93-4849-9c77-35894c55da41, metron:460bf535-1cec-4b07-a70a-5892a802bbda, metron:4fe1a532-972e-4a1c-82b3-a8a412d35179, metron:568c092b-addf-4469-96a2-93a6d3586001, metron:58a07060-c3a4-49cb-8d1b-7dccedbaa463, metron:64f24e38-3219-4c8c-b47f-02bf79406d70, metron:8ae1979a-dc2c-40d5-85c1-4e29d487d621, metron:96fdb14e-db5a-4944-ba61-fd1f6a41f1f5, metron:a6f14666-23c5-4d17-8ef5-65f92cf062f8, metron:b5bf0e35-467b-4787-811d-845702b41f4b, metron:b7d5278d-fdde-460b-b0ea-11dafacc448d, metron:be7fae1b-5822-460d-84d2-8b0d1310d4e7, metron:c3808958-408d-4110-9580-60a3d525d18f, metron:cb3020c1-cdd2-4096-9507-46bc407e8d95, metron:f1c86900-47fd-4548-91dc-228b505cf5da, metron:fc31be16-6876-45cd-b4a7-e85d570f9de1"
metron:3a948739-8cf5-4ede-9dcf-584757e36b03,Default,Défaut,,,0,0,0,0,0,0,0,0,No Unit,,Dimensionless,metron:9fbbb7a8-c133-4f97-a561-e467e086143d
metron:9dde2be3-c116-420b-8f80-69155539c7ae,Density,Densité,,,0,0,0,0,0,0,0,1,No Unit,,"Dimensionless, °Be","metron:9fbbb7a8-c133-4f97-a561-e467e086143d, metron:9e5af5da-c34e-48fd-8447-19ccaf0817cc"
metron:ea00f641-f49f-4642-9003-5699574955c1,Dew Point,Point de rosée,"The dew point is the temperature to which air must be cooled to become saturated with water vapor. When further cooled, the airborne water vapor will condense to form liquid water (dew).","Le point de rosée ou température de rosée est la température la plus basse à laquelle une masse d'air peut être soumise, à pression et humidité données, sans qu'il se produise une formation d'eau liquide par saturation.",0,0,0,0,0,1,0,0,Degree Kelvin,,"K, °C, °F, da°C","metron:bc74c6e1-8ac0-4491-9e91-fc4c97d0baeb, metron:59c20b5c-b271-4d4e-ab2b-db92e24cbe61, metron:a1b32680-a76f-4f06-8dfb-54535895bba5, metron:d30519eb-04da-4682-a159-63374cb7d974"
metron:c27a12f2-9a63-4af4-a9be-3954a9d8adea,Diffuse Horizontal Solar Irradiance,Irradiance Diffuse Horizontale,,,0,0,0,0,1,0,-3,0,Watt Per Square Meter,,"W/m², kW/m², W/cm², kcal/(h.m²)","metron:81a50e78-65bd-42cf-85c3-36283521647d, metron:104d8228-ce4c-4135-b85d-b78db98d924e, metron:796c8451-d912-4a3d-b442-87bb9e2f90fc, metron:873062a3-b2e4-40bb-9af7-c725422ef186"
metron:d68bbff2-dc58-4934-8b98-13bc225df26d,Diffuse Normal Solar Irradiance,Irradiance Solaire Normale Diffus,,,0,0,0,0,1,0,-3,0,Watt Per Square Meter,,"W/m², kW/m²","metron:81a50e78-65bd-42cf-85c3-36283521647d, metron:104d8228-ce4c-4135-b85d-b78db98d924e"
metron:826ad26f-9792-4ba4-8028-2c2ba51bede1,Digital Measurement Unit,Unité De Mesure En Informatique,,,0,0,0,0,0,0,0,1,Bit,,"bit, o, Mo","metron:9f42140e-113b-412d-b724-6eb6fb84b4cc, metron:73cdeaf5-1abd-4010-a7b2-ae537ff7121a, metron:d7eb0cad-aa8a-45a7-970d-8d69bd911fa4"
metron:b92797cb-3672-4e60-a86e-8a4826a7b621,Direct Normal Solar Irradiance,Irradiance Solaire Normale Directe,,,0,0,0,0,1,0,-3,0,Watt Per Square Meter,,"W/m², kW/m², W/cm², kcal/(h.m²)","metron:81a50e78-65bd-42cf-85c3-36283521647d, metron:104d8228-ce4c-4135-b85d-b78db98d924e, metron:796c8451-d912-4a3d-b442-87bb9e2f90fc, metron:873062a3-b2e4-40bb-9af7-c725422ef186"
metron:4b8580fb-a3e1-4b70-b4a5-86ceaa1d6c59,Discharging Rate,Taux de Décharge,,,0,0,0,0,0,0,0,0,Charging Rate Unit,,C-rate,metron:dcc164ac-da0c-4aab-a394-424facf71fd4
metron:c1db7506-f778-406e-bd1c-5094905b3682,Door Opening,Ouverture de Porte,Boolean. Property which permits to know if the door of a furnace is open.,,0,0,0,0,0,0,0,0,No Unit,,Dimensionless,metron:9fbbb7a8-c133-4f97-a561-e467e086143d
metron:a74131e2-43a5-4075-b6c2-71cbef0a139e,Efficiency,Rendement,,,0,0,0,0,0,0,0,1,Percent,,"Dimensionless, %","metron:9fbbb7a8-c133-4f97-a561-e467e086143d, metron:9e0f6749-91e4-4d2f-aae2-97b9cbfac1fa"
metron:3ea518fd-6d00-44e5-b9b3-db945a156774,Electric Charge,Charge Electrique,,,0,1,0,0,0,0,1,0,Coulomb,,"C, Ah","metron:136e8d08-9ed3-4ce8-86f7-43c1d344510d, metron:47312746-8669-45d6-82a2-8850c8fe7ca6"
metron:420ffb58-e20a-4103-a439-e0cba37561da,Electrical Conductance,Conductance électrique,,,0,2,-3,0,-1,0,3,0,Siemens,,"S, mMho, mS, Mho, µS","metron:a4183aad-747c-43cc-8eec-ba7d42bca172, metron:0879accd-1520-4ccd-8f40-2c5f6858042f, metron:8fbc62a6-7789-4793-b7a4-b06c1db63e32, metron:9775da11-68ea-4966-b11d-6ca64b9c2fea, metron:ca0a0bdd-db43-4add-9c2f-e34e1052f456"
metron:fb2c606a-ff27-4807-a7e9-b40d877daee6,Electrical Conductivity,Conductivité Electrique,,,0,2,-3,0,-1,0,3,0,Siemens Per Meter,,"S/m, mS/cm, S/cm, mMho/cm, µS/cm, mS/m, µS/m","metron:6ddb7943-f372-4993-abc1-3b8ac0c31765, metron:01725763-de44-4fda-ab19-bd68b3d785a0, metron:029dc70e-1d52-4e2a-b9d9-e0c91e19be68, metron:64acdc40-60fd-4502-b0ab-4ea2b00790c7, metron:8894e205-adca-4119-bf32-ef819bc69548, metron:c274f9fe-d14a-40ab-b5f9-82280b3a3c8a, metron:e71d1dd2-5f7a-4e3b-a286-5befbaf0ed38"
metron:dacab606-3b31-48b3-9fac-2e52ad11508b,Electrical Current,Courant Electrique,,,0,1,0,0,0,0,0,0,Ampere,,"A, kA, mA","metron:fafd73dc-6f69-485a-883d-397e60ee62d5, metron:ae18d46d-873d-45c5-a02b-c019a9007447, metron:bfd9ec98-2028-4ea7-b35d-509dbf4c7a42"
metron:8ed718cb-6850-4aae-9cdf-6559e0fb26c4,Electrical Energy Consumed,Energie Electrique Consommée,,,0,0,2,0,1,0,-2,0,Joule,,"J, MWh, kJ, MW.s, kW.s, kWh, W.s, MJ, Wh, GWh","metron:e6a2ba3d-c240-4f63-a2c4-cc1558603d0b, metron:ccc8c390-391a-454a-a968-9f975b4d7fc4, metron:f2327135-3f11-41f3-a25c-082889ddb960, metron:03ac9acf-c979-4e3d-8ee3-a3076192d622, metron:045b5e02-01b1-4a33-bdae-7b58daaa6f5f, metron:30cc758c-7825-44c8-a021-3bb7436e5dd5, metron:368dcb3d-d4e9-4153-bb74-1ed0edd1b7d9, metron:4c4a914a-9dcb-4142-aefd-b704401e12aa, metron:513fafd7-d971-47df-bc14-0f5b448b4cf2, metron:93e08fa8-d5ad-4728-b06f-bb1d8d091172"
metron:65c3d59a-535c-43f8-9f74-85a887c74e36,Electrical Energy Cost,Coût de l'Energie Electrique,,,0,0,0,0,0,0,0,1,Dollar,,"$, DH, MKRW, kJPY, M$, €, k€, k$, MDH, MJPY, MDKK, M€, kDH, kDKK, kKRW","metron:2b4cd768-e794-47f6-ae89-59cd58e20589, metron:07a17718-2059-45a3-aa70-ddfb66db4e30, metron:11c5420f-d835-443d-b34e-6f232844c257, metron:4491cce1-4d93-4849-9c77-35894c55da41, metron:460bf535-1cec-4b07-a70a-5892a802bbda, metron:568c092b-addf-4469-96a2-93a6d3586001, metron:58a07060-c3a4-49cb-8d1b-7dccedbaa463, metron:8ae1979a-dc2c-40d5-85c1-4e29d487d621, metron:96fdb14e-db5a-4944-ba61-fd1f6a41f1f5, metron:b5bf0e35-467b-4787-811d-845702b41f4b, metron:b7d5278d-fdde-460b-b0ea-11dafacc448d, metron:be7fae1b-5822-460d-84d2-8b0d1310d4e7, metron:c3808958-408d-4110-9580-60a3d525d18f, metron:cb3020c1-cdd2-4096-9507-46bc407e8d95, metron:fc31be16-6876-45cd-b4a7-e85d570f9de1"
metron:48dd5429-48e1-4d65-a67d-dfd374f71052,Electrical Energy Produced,Energie Electrique Produite,,,0,0,2,0,1,0,-2,0,Joule,,"J, MWh, kJ, MW.s, kW.s, kWh, W.s, MJ, Wh, GWh","metron:e6a2ba3d-c240-4f63-a2c4-cc1558603d0b, metron:ccc8c390-391a-454a-a968-9f975b4d7fc4, metron:f2327135-3f11-41f3-a25c-082889ddb960, metron:03ac9acf-c979-4e3d-8ee3-a3076192d622, metron:045b5e02-01b1-4a33-bdae-7b58daaa6f5f, metron:30cc758c-7825-44c8-a021-3bb7436e5dd5, metron:368dcb3d-d4e9-4153-bb74-1ed0edd1b7d9, metron:4c4a914a-9dcb-4142-aefd-b704401e12aa, metron:513fafd7-d971-47df-bc14-0f5b448b4cf2, metron:93e08fa8-d5ad-4728-b06f-bb1d8d091172"
metron:da6491f1-166c-4b81-909f-5a7302ada2df,Electrical Power Produced,Puissance Electrique Produite,,,0,0,2,0,1,0,-3,0,Watt,,W,metron:4cc74320-d5ed-4479-818a-e8d7a6aa1ab1
metron:c063390d-172e-4290-b892-1d7e7e6140c4,Electrical Resistance,Résistance Electrique,,,0,-2,2,0,1,0,-3,0,Ohm,,"Ω, cΩ, MΩ, mΩ","metron:6076cf5a-f8bb-4213-9024-d908dfa5294e, metron:53bf42d1-706b-4e46-92f1-1adab352ce4e, metron:6544321e-07c3-4564-a4fe-83a7f1f2a29f, metron:b5da4a02-f54a-42ae-be4e-739228c342d2"
metron:0f7300c5-3d75-4cf0-b1e0-19ba304bb5ee,Electricity Price,Prix de l'électricité,,,0,0,-2,0,-1,0,2,0,Dollars Per Joule,,"$/J, DH/J, DKK/kWh, KRW/MWh, Kr/MWh, DKK/Wh, DH/kWh, DH/Wh, $/kWh, $/Wh, DH/MWh, JPY/Wh, JPY/MWh, €/MWh, JPY/kWh, €/kWh, KRW/Wh, KRW/kWh, €/Wh, $/MWh","metron:b3a6d18a-d874-4e5e-8d0c-49d4abd90bca, metron:05994b18-4c1d-435f-a038-a0b4b0843555, metron:06eedf6c-7640-429b-8e40-bfeb816eb1fc, metron:10a46b7f-fe91-41c4-8c6e-f2cc15a09165, metron:13dda92d-d052-4660-8bff-69a95a3a5403, metron:18b42a43-06ab-47e3-b957-7be6918037da, metron:240c2e0e-b69d-439d-ad93-db33a54b3290, metron:39d6c704-f93e-4485-84ab-f5454d815393, metron:3c8196a1-6dde-4b15-9560-62cd816e40f3, metron:550142d1-39c8-4c65-8ddc-69b0643e39d9, metron:5ab9eab1-f54f-45ef-9299-854d4fc93826, metron:651d552a-8f47-45b5-a6c8-d4f1889279a2, metron:76590020-7012-4623-b381-3feec7d97591, metron:7701f562-4230-430c-a6d4-ae631a5d34f9, metron:919ac1af-c8cd-4d5e-828c-54e85274b4bf, metron:ae4dbdb1-6e21-42e7-9dc7-c33ecdf41975, metron:c5549861-8351-4593-afeb-f81698464560, metron:c7d8f880-fd97-4dce-a315-1864ac277ad8, metron:c9d01c29-8fea-44f1-9669-009a63023b96, metron:d2866462-72ba-4cb4-8411-f74810f28fd3"
metron:78e99979-1f6c-4218-85e7-b71534933383,Energy,Energie,,,0,0,2,0,1,0,-2,0,Joule,,"J, MWh, kJ, MW.s, kW.s, MWd, GJ, kWh, W.s, MJ, Wh, GWh, Mcal, tep, kcal, th, Btu, kVAh, MMBtu, VARh, MVARh, kVARh","metron:e6a2ba3d-c240-4f63-a2c4-cc1558603d0b, metron:ccc8c390-391a-454a-a968-9f975b4d7fc4, metron:f2327135-3f11-41f3-a25c-082889ddb960, metron:03ac9acf-c979-4e3d-8ee3-a3076192d622, metron:045b5e02-01b1-4a33-bdae-7b58daaa6f5f, metron:176fd651-2b47-4fa8-9c30-21a6c4bfb47e, metron:252ff58c-6037-47b7-94cf-0b0ac76e887f, metron:30cc758c-7825-44c8-a021-3bb7436e5dd5, metron:368dcb3d-d4e9-4153-bb74-1ed0edd1b7d9, metron:4c4a914a-9dcb-4142-aefd-b704401e12aa, metron:513fafd7-d971-47df-bc14-0f5b448b4cf2, metron:93e08fa8-d5ad-4728-b06f-bb1d8d091172, metron:0919121b-cca8-4aae-8aa3-c1a23623f3bf, metron:572fbea1-a9e1-41f1-b3f2-50b64dbe6323, metron:666244a5-2eed-48f4-92de-03037559b3d5, metron:e8cd6b9c-36e6-4781-98e0-2700b0b3bdcb, metron:137a83f9-1fb8-4b8d-b810-acb9a2e69c29, metron:17362bcf-33d7-45b9-b98f-85b75d28d5bb, metron:63891ba5-ad47-49e6-9e0d-b754bc8b0b16, metron:655b58ff-82e2-4226-8b09-e221d6e2cb2d, metron:b021148a-6068-479c-93d9-e000d14a02fc, metron:bc302621-42e1-4386-90ff-f9dfb5f07c43"
metron:7b12a161-0a31-4222-8b62-6af8020710d5,Energy Consumption,Consommation Energétique,,,0,0,2,0,1,0,-2,0,Joule,,J,metron:e6a2ba3d-c240-4f63-a2c4-cc1558603d0b
metron:f4691f12-6067-40e1-b404-e9f9cfc61fc1,Energy Cost,Coût Energétique,,,0,0,0,0,0,0,0,1,Dollar,,"$, DH, MKRW, kJPY, M$, €, k€, k$, MDH, MJPY, MDKK, M€, kDH, kDKK, kKRW","metron:2b4cd768-e794-47f6-ae89-59cd58e20589, metron:07a17718-2059-45a3-aa70-ddfb66db4e30, metron:11c5420f-d835-443d-b34e-6f232844c257, metron:4491cce1-4d93-4849-9c77-35894c55da41, metron:460bf535-1cec-4b07-a70a-5892a802bbda, metron:568c092b-addf-4469-96a2-93a6d3586001, metron:58a07060-c3a4-49cb-8d1b-7dccedbaa463, metron:8ae1979a-dc2c-40d5-85c1-4e29d487d621, metron:96fdb14e-db5a-4944-ba61-fd1f6a41f1f5, metron:b5bf0e35-467b-4787-811d-845702b41f4b, metron:b7d5278d-fdde-460b-b0ea-11dafacc448d, metron:be7fae1b-5822-460d-84d2-8b0d1310d4e7, metron:c3808958-408d-4110-9580-60a3d525d18f, metron:cb3020c1-cdd2-4096-9507-46bc407e8d95, metron:fc31be16-6876-45cd-b4a7-e85d570f9de1"
metron:a1b7513e-2f5e-455a-818d-67cc77a63727,Energy Ratio,Ratio D'Energie,,,0,0,0,0,0,0,0,0,Joule Per Joule,,"J/J, kWh/GJ, kWh/MJ, tep/tep","metron:b5044aba-c52b-42ce-9320-aa15ca5aadf1, metron:7ea35ea2-7337-44cb-9d23-61d4d6848f00, metron:9b646a6d-df3b-4cff-842a-ebf2c9cd9e6b, metron:e53e0c1a-e2c5-4ce5-8d51-11d6857f7d7d"
metron:374537ba-22e1-43e6-9082-73b0b6fef581,Energy Specific Mass,Masse Spécifique De L'Energie,,,0,0,-2,0,0,0,2,0,Kilogram Per Joule,,"kg/J, kg/MJ, lb/kWh","metron:31001149-6312-46f2-a205-21a212b53f20, metron:17292a42-d052-4c4c-8b7f-233c69287948, metron:8dadbedf-3b61-447f-a532-6c07af5d7189"
metron:4232b0fa-b4e6-4cea-bc6d-e23b9f4314e1,Energy Specific Volume,Volume Spécifique De L'Energie,,,0,0,1,0,-1,0,2,0,Cubic Meter Per Joule,,"m³/J, L/kWh, m³/kWh, Sm³/MJ, Nm³/kWh, Sm³/kWh, Nm³/MJ","metron:a37fff0d-1775-421a-a72f-dc4f848b9996, metron:255adbfb-8ec6-49bd-9168-e98cb15a0ab8, metron:27f98cd9-cedb-4e3f-af3a-1dc5c87ff101, metron:b2543380-634c-4967-8f42-15553e593ce5, metron:d646438c-a2dd-4467-b4d2-9972c07e9de7, metron:e73dfc9f-a6db-4a8a-82c5-1ef31df43525, metron:f37fab5a-6f68-4dd5-96af-7d871d00424a"
metron:17db3b0c-ab50-4bdd-a50b-b98096082690,Enthalpy,Enthalpie,,,0,0,2,0,1,0,-2,0,Joule,,"J, MWh, kJ, MW.s, kW.s, MWd, GJ, kWh, W.s, MJ, Wh, GWh, Mcal, tep, kcal, th","metron:e6a2ba3d-c240-4f63-a2c4-cc1558603d0b, metron:ccc8c390-391a-454a-a968-9f975b4d7fc4, metron:f2327135-3f11-41f3-a25c-082889ddb960, metron:03ac9acf-c979-4e3d-8ee3-a3076192d622, metron:045b5e02-01b1-4a33-bdae-7b58daaa6f5f, metron:176fd651-2b47-4fa8-9c30-21a6c4bfb47e, metron:252ff58c-6037-47b7-94cf-0b0ac76e887f, metron:30cc758c-7825-44c8-a021-3bb7436e5dd5, metron:368dcb3d-d4e9-4153-bb74-1ed0edd1b7d9, metron:4c4a914a-9dcb-4142-aefd-b704401e12aa, metron:513fafd7-d971-47df-bc14-0f5b448b4cf2, metron:93e08fa8-d5ad-4728-b06f-bb1d8d091172, metron:0919121b-cca8-4aae-8aa3-c1a23623f3bf, metron:572fbea1-a9e1-41f1-b3f2-50b64dbe6323, metron:666244a5-2eed-48f4-92de-03037559b3d5, metron:e8cd6b9c-36e6-4781-98e0-2700b0b3bdcb"
metron:9bdd09c5-140b-4f29-9425-fd1e0e863fb9,Entropy,Entropie,,,0,0,2,0,1,0,-2,0,Joule,,"J, MWh, kJ, MW.s, kW.s, MWd, GJ, kWh, W.s, MJ, Wh, GWh, Mcal, tep, kcal, th","metron:e6a2ba3d-c240-4f63-a2c4-cc1558603d0b, metron:ccc8c390-391a-454a-a968-9f975b4d7fc4, metron:f2327135-3f11-41f3-a25c-082889ddb960, metron:03ac9acf-c979-4e3d-8ee3-a3076192d622, metron:045b5e02-01b1-4a33-bdae-7b58daaa6f5f, metron:176fd651-2b47-4fa8-9c30-21a6c4bfb47e, metron:252ff58c-6037-47b7-94cf-0b0ac76e887f, metron:30cc758c-7825-44c8-a021-3bb7436e5dd5, metron:368dcb3d-d4e9-4153-bb74-1ed0edd1b7d9, metron:4c4a914a-9dcb-4142-aefd-b704401e12aa, metron:513fafd7-d971-47df-bc14-0f5b448b4cf2, metron:93e08fa8-d5ad-4728-b06f-bb1d8d091172, metron:0919121b-cca8-4aae-8aa3-c1a23623f3bf, metron:572fbea1-a9e1-41f1-b3f2-50b64dbe6323, metron:666244a5-2eed-48f4-92de-03037559b3d5, metron:e8cd6b9c-36e6-4781-98e0-2700b0b3bdcb"
metron:8d89bbfd-b58a-4231-a3fc-b00deeb4f313,Flowrate Consumed,Débit Consommé,,,0,0,2,0,0,0,-1,0,Cubic Meter Per Second,,"m³/h, m³/s, dm³/min, mL/min, Nm³/d, gal/min, L/s, cm³/h, Sft³/min, m³/d, L/h, dm³/s, kNm³/h, dam³/h, Nm³/h, L/min, gal/h, gal/s, ft3/min, cm³/min, cm³/s, m³/min, Sm³/h, Nm³/min, dm³/h","metron:5008612f-522f-42cd-a0b5-4ea2087ee9f3, metron:40b429cc-5af6-439f-8730-2bd363d50365, metron:c19c3986-82f6-4f33-90a8-2b6e3ee2e13c, metron:ceb17c38-b5da-4154-8394-35567f2c2898, metron:d1a4e960-c9eb-426e-9208-e5b7dc69b377, metron:d345b73d-0733-4150-a850-b8168206bddf, metron:d38b6baa-3591-4040-887e-3b96b31bc455, metron:dfd2f523-4fd3-4d3a-879d-99ae781805cb, metron:e4814c1e-2a3f-44af-8efd-57abbed8f5f5, metron:f81555b7-9bc9-4e59-b760-9b9f380fe579, metron:fbe07f43-c3d8-480c-9be5-64e76760b57d, metron:1f7b8e70-fdb1-44a9-a5b8-51d2d840cd90, metron:13c312c2-d259-4d4d-a307-ee4c79579380, metron:3c09c9e5-8d45-41c9-ae90-5c3a1347b635, metron:394d4c70-850e-41e9-a946-67e734282731, metron:4d89a083-a619-4c62-9f14-dbdce190d0a6, metron:5f93ae79-15ff-47e7-946e-e144ccf66670, metron:524aff1b-762f-47ba-bd49-59772ca3bcd4, metron:65b2f1c3-f9ce-42eb-a696-144c634cd92b, metron:668d1b44-19dd-4846-9ff2-36ace98cbf04, metron:74357c5b-6568-47df-8e44-c8f65b68a38a, metron:872ac348-57ad-42e0-adf5-5d7fa4ccf129, metron:89143e3e-0d1d-45ea-9a67-76ec6e70e128, metron:96100b54-d4e9-4ef5-93b7-6c5821b1b006, metron:398df06e-957a-439e-a54c-bf8516bd4e78"
metron:5cc0187d-6214-4f2b-8d86-f4badd83d7a8,Flowrate Produced,Débit Produit,,,0,0,2,0,0,0,-1,0,Cubic Meter Per Second,,"m³/h, m³/s, dm³/min, mL/min, Nm³/d, gal/min, L/s, cm³/h, Sft³/min, m³/d, L/h, dm³/s, kNm³/h, dam³/h, Nm³/h, L/min, gal/h, gal/s, ft3/min, cm³/min, cm³/s, m³/min, Sm³/h, Nm³/min, dm³/h","metron:5008612f-522f-42cd-a0b5-4ea2087ee9f3, metron:40b429cc-5af6-439f-8730-2bd363d50365, metron:c19c3986-82f6-4f33-90a8-2b6e3ee2e13c, metron:ceb17c38-b5da-4154-8394-35567f2c2898, metron:d1a4e960-c9eb-426e-9208-e5b7dc69b377, metron:d345b73d-0733-4150-a850-b8168206bddf, metron:d38b6baa-3591-4040-887e-3b96b31bc455, metron:dfd2f523-4fd3-4d3a-879d-99ae781805cb, metron:e4814c1e-2a3f-44af-8efd-57abbed8f5f5, metron:f81555b7-9bc9-4e59-b760-9b9f380fe579, metron:fbe07f43-c3d8-480c-9be5-64e76760b57d, metron:1f7b8e70-fdb1-44a9-a5b8-51d2d840cd90, metron:13c312c2-d259-4d4d-a307-ee4c79579380, metron:3c09c9e5-8d45-41c9-ae90-5c3a1347b635, metron:394d4c70-850e-41e9-a946-67e734282731, metron:4d89a083-a619-4c62-9f14-dbdce190d0a6, metron:5f93ae79-15ff-47e7-946e-e144ccf66670, metron:524aff1b-762f-47ba-bd49-59772ca3bcd4, metron:65b2f1c3-f9ce-42eb-a696-144c634cd92b, metron:668d1b44-19dd-4846-9ff2-36ace98cbf04, metron:74357c5b-6568-47df-8e44-c8f65b68a38a, metron:872ac348-57ad-42e0-adf5-5d7fa4ccf129, metron:89143e3e-0d1d-45ea-9a67-76ec6e70e128, metron:96100b54-d4e9-4ef5-93b7-6c5821b1b006, metron:398df06e-957a-439e-a54c-bf8516bd4e78"
metron:d67ecae7-3830-4fa5-9726-0e68e3bda201,Force,Force,,,0,0,1,0,1,0,-2,0,Newton,,"N, daN, kN","metron:d3812692-af49-4f8e-b32d-5660addc68a6, metron:8ea447ce-4e27-40c3-93d6-6fce3a895b72, metron:e2b26717-97d8-430d-9c2f-5c07d3eae750"
metron:774037ec-aa65-4784-86f2-4a92eed91b1c,Frequency,Fréquence,,,0,0,0,0,0,0,-1,0,Hertz,,"Hz, MPM, kHz, Mhz","metron:2c58dd13-8850-48dd-b513-8d3973bf8e6e, metron:180fc9ee-84db-46b3-aa2a-2efedf172333, metron:b33c5153-4ee4-4f76-89bf-423d65c46745, metron:b7fc5bce-c596-4d05-8d13-1178e7a7e6d3"
metron:53540a48-ab63-4d4a-a96a-e017fc6db76f,Furnace Stages,Etapes Four,,,0,0,0,0,0,0,0,0,No Unit,,Dimensionless,metron:9fbbb7a8-c133-4f97-a561-e467e086143d
metron:108f52aa-a0f5-4016-a34f-ebef3c5b8730,Gas Energy Consumed,Energie Gaz Consommée,,,0,0,2,0,1,0,-2,0,Joule,,"J, MWh, kJ, MW.s, kW.s, kWh, W.s, MJ, Wh, GWh","metron:e6a2ba3d-c240-4f63-a2c4-cc1558603d0b, metron:ccc8c390-391a-454a-a968-9f975b4d7fc4, metron:f2327135-3f11-41f3-a25c-082889ddb960, metron:03ac9acf-c979-4e3d-8ee3-a3076192d622, metron:045b5e02-01b1-4a33-bdae-7b58daaa6f5f, metron:30cc758c-7825-44c8-a021-3bb7436e5dd5, metron:368dcb3d-d4e9-4153-bb74-1ed0edd1b7d9, metron:4c4a914a-9dcb-4142-aefd-b704401e12aa, metron:513fafd7-d971-47df-bc14-0f5b448b4cf2, metron:93e08fa8-d5ad-4728-b06f-bb1d8d091172"
metron:b74c4323-a0db-4a58-8715-2f6ba87f7d6f,Gas Energy Cost,Coût de l'Energie Gaz,,,0,0,0,0,0,0,0,1,Dollar,,"$, DH, MKRW, kJPY, M$, €, k€, k$, MDH, MJPY, MDKK, M€, kDH, kDKK, kKRW","metron:2b4cd768-e794-47f6-ae89-59cd58e20589, metron:07a17718-2059-45a3-aa70-ddfb66db4e30, metron:11c5420f-d835-443d-b34e-6f232844c257, metron:4491cce1-4d93-4849-9c77-35894c55da41, metron:460bf535-1cec-4b07-a70a-5892a802bbda, metron:568c092b-addf-4469-96a2-93a6d3586001, metron:58a07060-c3a4-49cb-8d1b-7dccedbaa463, metron:8ae1979a-dc2c-40d5-85c1-4e29d487d621, metron:96fdb14e-db5a-4944-ba61-fd1f6a41f1f5, metron:b5bf0e35-467b-4787-811d-845702b41f4b, metron:b7d5278d-fdde-460b-b0ea-11dafacc448d, metron:be7fae1b-5822-460d-84d2-8b0d1310d4e7, metron:c3808958-408d-4110-9580-60a3d525d18f, metron:cb3020c1-cdd2-4096-9507-46bc407e8d95, metron:fc31be16-6876-45cd-b4a7-e85d570f9de1"
metron:8a97f08a-44a2-475f-a845-04d6e9fdb148,Gas Power Consumed,Puissance Gaz Consommée,,,0,0,2,0,1,0,-3,0,Watt,,"kW, W, MW, Wh/d, kWh/d, MWh/d","metron:056668ba-e28a-4e8c-a0be-1ebc3541e5e2, metron:4cc74320-d5ed-4479-818a-e8d7a6aa1ab1, metron:0ce34129-b886-4a41-8cf4-a585e04a1b7a, metron:13dac0cd-6640-48c8-861a-1ca83e52f18d, metron:337eb34e-2428-4963-9720-2b685605d33a, metron:63b372d2-b47b-4684-8a47-da5ca8fc01c4"
metron:af2cae16-e639-4ffc-9bff-c4eecf8275f4,Global Energy Cost,Coût Energétique Global,,,0,0,0,0,0,0,0,1,Dollar,,"$, DH, M$, €, k€, k$, MDH, M€, kDH","metron:2b4cd768-e794-47f6-ae89-59cd58e20589, metron:07a17718-2059-45a3-aa70-ddfb66db4e30, metron:460bf535-1cec-4b07-a70a-5892a802bbda, metron:568c092b-addf-4469-96a2-93a6d3586001, metron:58a07060-c3a4-49cb-8d1b-7dccedbaa463, metron:8ae1979a-dc2c-40d5-85c1-4e29d487d621, metron:96fdb14e-db5a-4944-ba61-fd1f6a41f1f5, metron:be7fae1b-5822-460d-84d2-8b0d1310d4e7, metron:c3808958-408d-4110-9580-60a3d525d18f"
metron:3452e180-8462-4035-9327-42bcd734216f,Global Horizontal Solar Irradiance,Irradiance Solaire Globale Horizontale,,,0,0,0,0,1,0,-3,0,Watt Per Square Meter,,"W/m², kW/m²","metron:81a50e78-65bd-42cf-85c3-36283521647d, metron:104d8228-ce4c-4135-b85d-b78db98d924e"
metron:31a862c0-3f76-4c04-99f9-33d75b55457b,Heat Capacity,Capacité thermique massique,,,0,0,2,0,0,-1,-2,0,Joule Per Kelvin,,"J/K, kWh/K","metron:0385d3ba-fbda-49a1-a015-7ebacb04c17f, metron:10780695-ad75-4161-94a0-d42bdc9621bc"
metron:2543c82c-dcaa-4341-9171-66d5d12f5dda,Heating Degree Day,Degré Jour Unifié Chauffe,,,0,0,0,0,0,1,1,0,Kelvin-Day,,"K.d, °C.d","metron:3a970274-c6e2-4fe7-a7db-7dbae0636119, metron:bdff7a58-97c1-40ef-8f9e-996f1d36ada8"
metron:67a5237d-aa7c-406a-930d-a85165ac7fd5,Heating Rate,Vitesse De Chauffage,,,0,0,0,0,0,1,-1,0,Kelvin Per Second,,"K/s, °C/min","metron:05f34764-e46c-4d76-a584-dd33f7626b23, metron:326a8f23-507b-4af8-8cc0-dae6a27ffcde"
metron:198eb635-52dc-4355-9374-ec9ab6a730c3,Humidity,Humidité,,,0,0,0,0,0,0,0,0,Percent,,%,metron:9e0f6749-91e4-4d2f-aae2-97b9cbfac1fa
metron:79aacec8-a50e-45a8-9f02-2a720be6ecaa,Idle,Marche à Vide,,,0,0,0,0,0,0,0,1,No Unit,,Dimensionless,metron:9fbbb7a8-c133-4f97-a561-e467e086143d
metron:c2169140-67a7-497f-bc71-abf548cd617b,Idle Running Hour,Heures de Fonctionnement à Vide,,,0,0,0,0,0,0,1,0,Second,,"s, d, min, ms, h","metron:007e74ff-d562-4c1a-a8e2-7231ce0b1b55, metron:2d6ecf4e-74ed-48e5-94e4-75d6fabe462d, metron:494d7313-2356-4b55-8f69-7ca2d7084290, metron:8b163c87-f0b8-4d1a-a78c-be37200b147a, metron:8e043994-690d-45b2-9d10-15b0a94812b6"
metron:99873cbb-31ad-4d7b-b618-344a1d3c554a,Inlet Pressure,Pression d'entrée,,,0,0,-1,0,1,0,-2,0,Pascal,,"Pa, daPa, mmH2O, PSI, inHg, cbar, kPa, cPa, inH20, torr, MPa, bar, cmH2O, cmHg, mmHg, ftH2O, mPa, hPa, mmWC, mbar","metron:9cb63560-dc2f-4d92-bf93-a59e5c39f6a4, metron:a2a923e5-d8eb-4dfc-b211-fd3436703e7d, metron:b80f64c9-e870-4a19-acde-980a61e53427, metron:befd8e44-39b1-40bd-9259-a8f5efafd944, metron:d4b2b0d1-0096-45bc-9899-5d58ca040eaf, metron:d5a17d59-5916-48e7-b649-2a11218a182e, metron:ed2fbace-f3ea-40e8-ab84-635d71250c99, metron:ed8e2b10-4188-48bd-aaf1-3a7b27139ff2, metron:0f8fa68e-ac12-4120-9c7a-f49e541e0dc8, metron:02d466f2-8d2a-4bef-afad-07c609b6d9c4, metron:022af66b-1aa0-414e-b858-796ca98df8fd, metron:21418e65-8310-432a-8776-ca5f863cfbcd, metron:43ffa69c-446f-41d1-b86c-3e84a01c0ec3, metron:4331674b-3843-48e8-9c97-55161e2a76b0, metron:63bab5cb-eb14-4292-94d3-cb4c5000b743, metron:7acabf4a-7e5a-4a3b-aaaf-acd3a500abb0, metron:7461dd6d-fb32-47df-b098-b849df91a911, metron:85ee9556-e899-4318-92f1-c4537ae02206, metron:861c1e62-7fe4-4c53-ab92-bf9c55d9aad0, metron:99643730-e3e7-4e83-b96a-e3b23cee3a04"
metron:4454232c-36bc-4320-ac20-fe5aa85c0530,Internal Energy,Energie Interne,,,0,0,2,0,1,0,-2,0,Joule,,"J, MWh, kJ, MW.s, kW.s, MWd, GJ, kWh, W.s, MJ, Wh, GWh, Mcal, tep, kcal, th, Btu, MMBtu","metron:e6a2ba3d-c240-4f63-a2c4-cc1558603d0b, metron:ccc8c390-391a-454a-a968-9f975b4d7fc4, metron:f2327135-3f11-41f3-a25c-082889ddb960, metron:03ac9acf-c979-4e3d-8ee3-a3076192d622, metron:045b5e02-01b1-4a33-bdae-7b58daaa6f5f, metron:176fd651-2b47-4fa8-9c30-21a6c4bfb47e, metron:252ff58c-6037-47b7-94cf-0b0ac76e887f, metron:30cc758c-7825-44c8-a021-3bb7436e5dd5, metron:368dcb3d-d4e9-4153-bb74-1ed0edd1b7d9, metron:4c4a914a-9dcb-4142-aefd-b704401e12aa, metron:513fafd7-d971-47df-bc14-0f5b448b4cf2, metron:93e08fa8-d5ad-4728-b06f-bb1d8d091172, metron:0919121b-cca8-4aae-8aa3-c1a23623f3bf, metron:572fbea1-a9e1-41f1-b3f2-50b64dbe6323, metron:666244a5-2eed-48f4-92de-03037559b3d5, metron:e8cd6b9c-36e6-4781-98e0-2700b0b3bdcb, metron:137a83f9-1fb8-4b8d-b810-acb9a2e69c29, metron:63891ba5-ad47-49e6-9e0d-b754bc8b0b16"
metron:4aa4ee70-7c0b-47eb-8cd4-26c89a713569,Internal Resistance,Résistance Interne,,,0,-2,2,0,1,0,-3,0,Ohm,,"Ω, cΩ, MΩ, mΩ","metron:6076cf5a-f8bb-4213-9024-d908dfa5294e, metron:53bf42d1-706b-4e46-92f1-1adab352ce4e, metron:6544321e-07c3-4564-a4fe-83a7f1f2a29f, metron:b5da4a02-f54a-42ae-be4e-739228c342d2"
metron:5dc5b15d-a4af-4b6d-8388-19d5e4dcea20,Irradiance,Irradiance,Irradiance is the radiant flux (power) received by a surface per unit area,L'irradiance est un terme radiométrique qui quantifie la puissance d'un rayonnement électromagnétique frappant par unité de surface perpendiculaire à sa direction,0,0,0,0,1,0,-3,0,Watt Per Square Meter,,"W/m², kW/m², W/cm², kcal/(h.m²)","metron:81a50e78-65bd-42cf-85c3-36283521647d, metron:104d8228-ce4c-4135-b85d-b78db98d924e, metron:796c8451-d912-4a3d-b442-87bb9e2f90fc, metron:873062a3-b2e4-40bb-9af7-c725422ef186"
metron:f382ce8d-7a29-4709-aa75-6f659571c521,Latitude,Latitude,"In geography, latitude is a geographic coordinate that specifies the north–south position of a point on the Earth's surface. Latitude is an angle (defined below) which ranges from 0° at the Equator to 90° (North or South) at the poles.","La latitude est une coordonnée géographique représentée par une valeur angulaire, expression de la position d'un point sur Terre (ou sur une autre planète), au nord ou au sud de l'équateur qui est le plan de référence.",0,0,0,0,0,0,0,0,Radian,,"rad, °","metron:6f140e1c-cbe0-4dc7-bcf8-8c59e7d65fed, metron:9f8593a2-e5e6-47dd-ba97-986ee95b0c28"
metron:e47331af-028b-4676-b68f-8c8687c0a471,Length,Longueur,Property Length,,0,0,1,0,0,0,0,0,Meter,,"m, mm, ft, km, cm, µm, NM","metron:1dcc45e9-41c5-4d57-9cf8-c5a8aa2a5c77, metron:43698332-5b94-4ef5-bd31-45401dd6068e, metron:571f5bd4-065b-48a4-9ee6-2e8fb719ce5b, metron:5b9e223a-8492-4e9d-8086-6c91c095b123, metron:6bfdbde5-f780-4029-9796-6a7ae8ed5967, metron:d053d1e1-fda4-4435-aad8-7278331ac95e, metron:41b7716c-b4ba-45e7-a6d6-85f27f5b833f"
metron:f6d9d883-eb40-4fca-9b9c-ae6cd57d3e27,Level of Fluid,Niveau de Fluide,,,0,0,1,0,0,0,0,0,Meter,,"m, mm, ft, cm, µm","metron:1dcc45e9-41c5-4d57-9cf8-c5a8aa2a5c77, metron:43698332-5b94-4ef5-bd31-45401dd6068e, metron:571f5bd4-065b-48a4-9ee6-2e8fb719ce5b, metron:6bfdbde5-f780-4029-9796-6a7ae8ed5967, metron:d053d1e1-fda4-4435-aad8-7278331ac95e"
metron:89d797a3-2cc3-41ca-b46d-b551838676b1,Linear Mass,Masse Linéaire,,,0,0,-1,0,1,0,0,0,Kilogram Per Meter,,"kg/m, kg/cm","metron:5ce039f5-bd7b-4289-b703-e4ddbb018965, metron:9372c755-6d89-43b5-9404-d21f02a32d2e"
metron:10d1f09b-7122-400c-9f94-f648b45f47d4,Linear Pressure,Linear Pressure,,,0,0,0,0,1,0,-2,0,Newton Per Meter,,"N/m, kN/m, daN/cm","metron:f50a1acc-366e-4ffe-a788-108f3b14af56, metron:0e8f22aa-ac93-4538-9f99-bb025c0ee676, metron:6491e2ed-a3ad-416e-8eb1-b60ae9b4a668"
metron:c2b0e405-c742-46c9-a0ec-5025af502e33,Load,Marche en Charge,,,0,0,0,0,0,0,0,1,No Unit,,"Dimensionless, %","metron:9fbbb7a8-c133-4f97-a561-e467e086143d, metron:9e0f6749-91e4-4d2f-aae2-97b9cbfac1fa"
metron:20627de8-9278-40de-9cd2-a0f60fdd4c9f,Loading Hour,Heures de Fonctionnement en Charge,,,0,0,0,0,0,0,1,0,Second,,"s, d, min, ms, h","metron:007e74ff-d562-4c1a-a8e2-7231ce0b1b55, metron:2d6ecf4e-74ed-48e5-94e4-75d6fabe462d, metron:494d7313-2356-4b55-8f69-7ca2d7084290, metron:8b163c87-f0b8-4d1a-a78c-be37200b147a, metron:8e043994-690d-45b2-9d10-15b0a94812b6"
metron:8fb77b20-8ad2-4702-82cc-8941443e0824,Local Distant,Distant Local,,,0,0,0,0,0,0,0,0,No Unit,,Dimensionless,metron:9fbbb7a8-c133-4f97-a561-e467e086143d
metron:8f14b14c-9c24-46d8-9d6d-886d99b517ed,Logarithmic Temperature,Température Logarithmique,,,0,0,0,0,0,1,0,0,Degree Kelvin,,"K, °C, °F, da°C","metron:bc74c6e1-8ac0-4491-9e91-fc4c97d0baeb, metron:59c20b5c-b271-4d4e-ab2b-db92e24cbe61, metron:a1b32680-a76f-4f06-8dfb-54535895bba5, metron:d30519eb-04da-4682-a159-63374cb7d974"
metron:fe8b678e-05e8-4055-8988-cddfc35551da,Longitude,Longitude,Longitude is a geographic coordinate that specifies the east–west position of a point on the Earth's surface.,"La longitude est une coordonnée géographique représentée par une valeur angulaire, expression du positionnement est-ouest d'un point sur Terre (ou sur une autre sphère). La longitude de référence sur Terre est le méridien de Greenwich.",0,0,0,0,0,0,0,0,Radian,,"rad, °","metron:6f140e1c-cbe0-4dc7-bcf8-8c59e7d65fed, metron:9f8593a2-e5e6-47dd-ba97-986ee95b0c28"
metron:b2cc31b4-afdd-4b24-a8bf-9ac32958558d,Luminous Intensity,Intensié Lumineuse,,,0,0,0,1,0,0,0,0,Lumen,,lm,metron:fecada85-14dc-4a95-90ad-478f70f188b3
metron:fc544821-b695-4b03-b58d-0ed14f3a9e6d,Mass,Masse,Property Mass,,0,0,0,0,1,0,0,0,Kilogram,,"kg, kLb, g, lb, mg, Gg, Mlb, t","metron:9ed314b3-5f1e-4772-b6df-f35e1e02cc79, metron:22c70926-ad53-422f-98f5-ef6496905973, metron:24c91c9b-6b91-4a67-be35-a98bdbb308b8, metron:47a6b51e-01e3-47b3-b2b1-aeab44c7167d, metron:5714c6f0-3f38-4770-98f2-198c5bf69e2d, metron:91165419-515a-4a2d-8fd2-89104a6811fc, metron:bf39ec0b-ee31-41c3-9118-61c354e8c0f0, metron:f10594c7-5d27-48ba-a004-726b76a6b8a6"
metron:a000dd41-0cee-4b81-bd1a-0184fb84407f,Mass Concentration,Concentration Massique,,,0,0,-3,0,1,0,0,0,Kilogram Per Cubic Meter,,"kg/m³, mg/m³, t/m³, lb/m³, g/m³, mg/L, g/cm³, kg/L, mg/Nm³, kg/Nm³, g/L, kg/Sm³","metron:dfe6eb05-332c-4709-a317-666737c7b16e, metron:1ac766ac-98ca-45d7-9c9b-2529bebbdebb, metron:2e63987b-d29a-454e-8493-22cac40d2c07, metron:2ea676fa-ca67-4384-a89c-e838969f0909, metron:466c56b9-fa5f-4085-9f9b-b4544fa86ba5, metron:6820e5c6-c080-44d9-a67e-9b2e663c6268, metron:75736cd3-35a7-4ad0-a96b-045e7e9702a5, metron:a88b411f-68c6-48cf-917b-fbe9153e4020, metron:b720d98f-0a17-44a7-9c01-e0b968832d6f, metron:bd694033-ad31-4930-91bb-2a425677101a, metron:e209010d-af26-4ddd-8b86-316434f4e43c, metron:e741eea6-3033-474e-92d6-f57a68b3faa6"
metron:a16d0d69-f32b-4545-9dd3-9bb6861b6a92,Mass Enthalpy,Enthalpie Massique,,,0,0,2,0,0,0,-2,0,Joule Per Kilogram,,"J/kg, kWh/t, MWh/t, kWh/kg, Wh/kg, MWh/kg, Wh/t","metron:abf3741a-b043-4799-920d-990005d5e94e, metron:1284c37c-2abc-49e1-ae8f-e0208761cd05, metron:13d0bd33-97ec-4bf0-9d41-0c6698334c62, metron:32daa6be-d8e2-4625-a681-e5a7eeba641a, metron:63a8f274-c81f-4f9b-ba8a-47843212c726, metron:9b74e8e9-faf8-455a-9413-f3e1e647b33d, metron:fcb1b1b4-e429-4c3c-a56a-eed6baa49d40"
metron:a7affe4f-52f2-4a67-b92b-d3c7d865ea2f,Mass Flowrate,Débit Massique,,,0,0,0,0,1,0,-1,0,Kilogram Per Second,,"kg/s, lb/h, Mlb/h, t/min, t/h, kLb/h, g/s, g/h, kg/h, t/s, lb/min, g/min, t/mois, kg/min, t/d","metron:7471dcbb-c204-44c5-8263-d158c59cd427, metron:a4d6a332-99fc-4ef1-b72a-19a1963f5aa9, metron:cfb5b3ff-5f8a-4667-b231-b86b4a00df1f, metron:d754821d-4475-424d-bfbf-aef0de7dc6b7, metron:def2bbfd-da49-40b1-933a-1a3f4cf896fd, metron:eeb9bba2-0c69-4c72-af20-eb70003d02b6, metron:f5449a3f-8a07-4f00-8c1d-9b44624ed0a1, metron:f995f159-d71f-493d-a939-1db98d91b767, metron:05c04673-2941-481d-a498-463b8b335968, metron:2a1f288a-cf76-411a-ada8-a03631977ce4, metron:2e95562b-6aa7-480c-b201-9db4a2ce4b12, metron:39bbab3b-cb1f-48b1-97a9-ab62636e0b99, metron:4be0e61b-0196-4fbb-8b29-2c3d27453450, metron:792a3c99-e1f6-4271-bf8c-e24a3079aecc, metron:87cc0a56-756a-4e1b-83d8-2ca9d1df264a"
metron:c887664b-8ebc-4c34-be1c-03453daac41c,Mass Ratio,Ratio De Masse,,,0,0,0,0,0,0,0,0,Kilogram Per Kilogram,,"kg/kg, kg/t, g/kg, kg/Mlb, t/t, g/t","metron:e464c3a4-0cc1-4ab3-bacc-7f2070af432e, metron:8bc8d400-44ca-4419-80b2-310d8ba3c299, metron:9dcd7af7-8527-4960-af85-905fcaa62ab3, metron:b0d19a21-96eb-4fe7-a562-93637e4683c4, metron:e03f9f1e-8964-4d93-a1f3-a7eec35e70d0, metron:ff8b48eb-0c15-430c-95fb-df1ea898c49b"
metron:e0eac7af-efc5-407c-aa62-1718caafa996,Mass Steam Consumed,Masse de Vapeur Consommée,,,0,0,0,0,1,0,0,0,Kilogram,,"kg, kLb, g, lb, mg, Gg, Mlb, t","metron:9ed314b3-5f1e-4772-b6df-f35e1e02cc79, metron:22c70926-ad53-422f-98f5-ef6496905973, metron:24c91c9b-6b91-4a67-be35-a98bdbb308b8, metron:47a6b51e-01e3-47b3-b2b1-aeab44c7167d, metron:5714c6f0-3f38-4770-98f2-198c5bf69e2d, metron:91165419-515a-4a2d-8fd2-89104a6811fc, metron:bf39ec0b-ee31-41c3-9118-61c354e8c0f0, metron:f10594c7-5d27-48ba-a004-726b76a6b8a6"
metron:3f49d077-3002-422f-81f8-14e793518171,Mass Steam Price,Prix de la masse de vapeau d'eau,,,0,0,0,0,1,0,0,0,Dollars Per Kilogram,,"$/kg, €/kg, JPY/kg, $/t, DKK/t, €/t, KRW/t, DKK/kg, DH/kg, JPY/t, KRW/kg","metron:164a9e18-2494-4696-bbef-49b61eab18dd, metron:298fb141-e8bf-47b0-a588-58c0371a2ca8, metron:32387a5c-7860-4171-a5cd-b4524d5bd5bf, metron:3b1c1648-b83f-430c-99cb-dc5c6bd0e981, metron:402c4d63-90c5-4d9e-92a2-d64694ad0bf5, metron:6309518d-2c9a-442c-861b-f8f0712a2a2f, metron:998cec5f-fd44-483c-9092-082e713225b5, metron:a48110af-82f4-49db-a84b-4e68f9a0f325, metron:c154b146-d693-4f83-b4ad-b127fac35962, metron:e6fbc23d-8a81-49da-980c-5e8879dadd42, metron:f6d024ba-d298-41e5-8476-7c1e1e6c4f93"
metron:0bd719f5-fdca-4487-a2cd-f67b897c51cc,Mass Vapor Quality,,Q=m_vapor/m_total. Use a value of Q=1 for the saturated vapor property or Q=0 for the saturated liquid property,,0,0,0,0,0,0,0,0,No Unit,,Dimensionless,metron:9fbbb7a8-c133-4f97-a561-e467e086143d
metron:48b79972-e152-46d5-a7e7-381c6f960b2e,Mass Water Consumed,Masse d'eau Consommée,,,0,0,0,0,1,0,0,0,Kilogram,,"kg, kLb, g, lb, mg, Gg, Mlb, t","metron:9ed314b3-5f1e-4772-b6df-f35e1e02cc79, metron:22c70926-ad53-422f-98f5-ef6496905973, metron:24c91c9b-6b91-4a67-be35-a98bdbb308b8, metron:47a6b51e-01e3-47b3-b2b1-aeab44c7167d, metron:5714c6f0-3f38-4770-98f2-198c5bf69e2d, metron:91165419-515a-4a2d-8fd2-89104a6811fc, metron:bf39ec0b-ee31-41c3-9118-61c354e8c0f0, metron:f10594c7-5d27-48ba-a004-726b76a6b8a6"
metron:e879c405-3770-4919-9269-40bab1cd9a5c,Mass Water Price,Prix de la masse d'eau,,,0,0,0,0,1,0,0,0,Dollars Per Kilogram,,"$/kg, €/kg, JPY/kg, $/t, DKK/t, €/t, KRW/t, DKK/kg, DH/kg, JPY/t, KRW/kg","metron:164a9e18-2494-4696-bbef-49b61eab18dd, metron:298fb141-e8bf-47b0-a588-58c0371a2ca8, metron:32387a5c-7860-4171-a5cd-b4524d5bd5bf, metron:3b1c1648-b83f-430c-99cb-dc5c6bd0e981, metron:402c4d63-90c5-4d9e-92a2-d64694ad0bf5, metron:6309518d-2c9a-442c-861b-f8f0712a2a2f, metron:998cec5f-fd44-483c-9092-082e713225b5, metron:a48110af-82f4-49db-a84b-4e68f9a0f325, metron:c154b146-d693-4f83-b4ad-b127fac35962, metron:e6fbc23d-8a81-49da-980c-5e8879dadd42, metron:f6d024ba-d298-41e5-8476-7c1e1e6c4f93"
metron:295664c1-b6c3-4627-ada7-beb6d2253a48,Mass of CO2 equivalent,Masse De CO2,,,0,0,0,0,1,0,0,0,Kilogram Of CO2 equivalent,,"teqCO2, kgeqCO2","metron:6fde11f7-a007-44c2-b8b2-d5dd4a21adee, metron:de79f26b-80a0-4598-9c5a-7afc1538caf9"
metron:70e1b6ba-f7cd-499d-bf8c-bc8aa112a098,Mass of CO2 equivalent per Unit Of Coal Energy,Masse De CO2 Par Unité d'Energie Charbon,,,0,0,-2,0,0,0,2,0,Tons of CO2 equivalent per Kilowatthour,,"teqCO2/kWh, teqCO2/MWh, teqCO2/kg","metron:036ea417-4764-484e-9e20-3d736aa58001, metron:4cedb77e-e7e5-4b73-b992-63e8fa2a155c, metron:e2a912a0-6e00-4e93-925a-aee34e4fdd9b"
metron:69fcd0f9-1b96-4d95-affb-97fe0f2f1e6f,Mass of CO2 equivalent per Unit Of Electrical Energy,Masse De CO2 Par Unité d'Energie Electrique,,,0,0,-2,0,0,0,2,0,Tons of CO2 equivalent per Kilowatthour,,"teqCO2/kWh, teqCO2/MWh","metron:036ea417-4764-484e-9e20-3d736aa58001, metron:4cedb77e-e7e5-4b73-b992-63e8fa2a155c"
metron:c7e259aa-c29f-4b25-a18d-cf13ea374567,Mass of CO2 equivalent per Unit Of Fuel Energy,Masse De CO2 Par Unité d'Energie Fuel,,,0,0,-2,0,0,0,2,0,Tons of CO2 equivalent per Kilowatthour,,"teqCO2/kWh, teqCO2/MWh","metron:036ea417-4764-484e-9e20-3d736aa58001, metron:4cedb77e-e7e5-4b73-b992-63e8fa2a155c"
metron:2f0567b9-5174-4353-8bd2-7c58fbad0023,Mass of CO2 equivalent per Unit Of Gas Energy (HHV),Masse De CO2 Par Unité d'Energie Gaz (HHV),,,0,0,-2,0,0,0,2,0,Tons of CO2 equivalent per Kilowatthour,,"teqCO2/kWh, teqCO2/MWh","metron:036ea417-4764-484e-9e20-3d736aa58001, metron:4cedb77e-e7e5-4b73-b992-63e8fa2a155c"
metron:e367c61f-c607-4fa3-a1db-9e848c00c8ba,Mass of CO2 equivalent per Unit Of Gas Energy (LHV),Masse De CO2 Par Unité d'Energie Gaz (LHV),,,0,0,-2,0,0,0,2,0,Tons of CO2 equivalent per Kilowatthour,,"teqCO2/kWh, teqCO2/MWh","metron:036ea417-4764-484e-9e20-3d736aa58001, metron:4cedb77e-e7e5-4b73-b992-63e8fa2a155c"
metron:01d0171c-3701-4560-ab6e-728ba7c7520a,Massic Higher Heating Value,Pouvoir Calorifique Supérieur Massique,,,0,0,2,0,0,0,-2,0,Joule Per Kilogram,,"J/kg, kWh/t, MWh/t, Mcal/kg, kcal/kg, kWh/kg, kJ/kg, J/g, GJ/t, Wh/kg, Btu/Lb, MJ/t, MWh/kg, kWh/g, tep/t, J/t, Wh/t, Mcal/t","metron:abf3741a-b043-4799-920d-990005d5e94e, metron:1284c37c-2abc-49e1-ae8f-e0208761cd05, metron:13d0bd33-97ec-4bf0-9d41-0c6698334c62, metron:273179bd-54bf-4cf4-94a2-bef210877bfc, metron:3208f17e-3e77-4ef2-828e-008bb472ab06, metron:32daa6be-d8e2-4625-a681-e5a7eeba641a, metron:4c3d97c2-ad61-4c8f-a33f-10f289ccd455, metron:5db890fa-5ac9-47cf-a336-e053cd0aed98, metron:606640e1-1f13-4504-82ba-6196b39653cf, metron:63a8f274-c81f-4f9b-ba8a-47843212c726, metron:685813cd-52e5-4abf-a1c5-337334239272, metron:7a5e4fce-b849-4f62-b39a-a9808f09ee5e, metron:9b74e8e9-faf8-455a-9413-f3e1e647b33d, metron:9f1c3c5b-67d3-478c-a395-a7622aadb131, metron:c2b7b928-5527-497a-9afe-2f2b991ea63d, metron:de78c1b4-af6d-497a-a641-ae8201a98aff, metron:fcb1b1b4-e429-4c3c-a56a-eed6baa49d40, metron:fcfe36c9-7963-4020-97fe-8f240b8d6cd7"
metron:348981f7-8101-4419-a765-864650701a4e,Massic Lower Heating Value,Pouvoir Calorifique Inférieur Massique,,,0,0,2,0,0,0,-2,0,Joule Per Kilogram,,"J/kg, kWh/t, MWh/t, Mcal/kg, kcal/kg, kWh/kg, kJ/kg, J/g, GJ/t, Wh/kg, Btu/Lb, MJ/t, MWh/kg, kWh/g, tep/t, J/t, Wh/t, Mcal/t","metron:abf3741a-b043-4799-920d-990005d5e94e, metron:1284c37c-2abc-49e1-ae8f-e0208761cd05, metron:13d0bd33-97ec-4bf0-9d41-0c6698334c62, metron:273179bd-54bf-4cf4-94a2-bef210877bfc, metron:3208f17e-3e77-4ef2-828e-008bb472ab06, metron:32daa6be-d8e2-4625-a681-e5a7eeba641a, metron:4c3d97c2-ad61-4c8f-a33f-10f289ccd455, metron:5db890fa-5ac9-47cf-a336-e053cd0aed98, metron:606640e1-1f13-4504-82ba-6196b39653cf, metron:63a8f274-c81f-4f9b-ba8a-47843212c726, metron:685813cd-52e5-4abf-a1c5-337334239272, metron:7a5e4fce-b849-4f62-b39a-a9808f09ee5e, metron:9b74e8e9-faf8-455a-9413-f3e1e647b33d, metron:9f1c3c5b-67d3-478c-a395-a7622aadb131, metron:c2b7b928-5527-497a-9afe-2f2b991ea63d, metron:de78c1b4-af6d-497a-a641-ae8201a98aff, metron:fcb1b1b4-e429-4c3c-a56a-eed6baa49d40, metron:fcfe36c9-7963-4020-97fe-8f240b8d6cd7"
metron:fd05e74e-855d-4fc2-b5eb-cd18127202bd,Mean Seal-Level Pressure,Pression Atmosphérique Normale,The mean sea-level pressure (MSLP) is the average atmospheric pressure at mean sea level,"La pression atmosphérique réellement mesurée varie autour de la pression atmosphérique normale fixée, par définition, comme étant, au « niveau de la mer » (niveau moyen), à la température de 15 °C",0,0,-1,0,1,0,-2,0,Pascal,,"Pa, mmH2O, cbar, bar, mmHg, hPa, mmWC, mbar","metron:9cb63560-dc2f-4d92-bf93-a59e5c39f6a4, metron:b80f64c9-e870-4a19-acde-980a61e53427, metron:d5a17d59-5916-48e7-b649-2a11218a182e, metron:21418e65-8310-432a-8776-ca5f863cfbcd, metron:63bab5cb-eb14-4292-94d3-cb4c5000b743, metron:85ee9556-e899-4318-92f1-c4537ae02206, metron:861c1e62-7fe4-4c53-ab92-bf9c55d9aad0, metron:99643730-e3e7-4e83-b96a-e3b23cee3a04"
metron:7b19be8d-9c79-47b7-9cc2-7aabb4bf2143,Molar Concentration,Concentration Molaire,,,1,0,-3,0,0,0,0,0,Mole Per Cubic Meter,,"mol/L, mol/m³, mmol/L","metron:3dba404e-4edc-4e33-865f-30360a3ddea3, metron:ca56dedc-4907-4bfb-b58c-b812a9c383ac, metron:1c84517f-30a1-4d73-b756-b9dfb6a18ce0"
metron:4cff6e48-f344-4d0a-b83d-21dae7d94515,Mole Fraction,Fraction Molaire,,,0,0,0,0,0,0,0,1,Percent,,"%, ppm","metron:9e0f6749-91e4-4d2f-aae2-97b9cbfac1fa, metron:f5d69757-a5e8-4057-a1a3-413f82c3c0c5"
metron:609ad92a-cfc6-4fb5-8f84-7c0a3b5bae26,Motor Efficiency,Rendement Moteur,,,0,0,0,0,0,0,0,0,Percent,,"Dimensionless, %","metron:9fbbb7a8-c133-4f97-a561-e467e086143d, metron:9e0f6749-91e4-4d2f-aae2-97b9cbfac1fa"
metron:d8ac6b95-24a8-4a58-8cf7-0c344f147aab,NOx Concentration,Concentration en NOx,,,0,0,0,0,0,0,0,0,Percent,,"%, ppm","metron:9e0f6749-91e4-4d2f-aae2-97b9cbfac1fa, metron:f5d69757-a5e8-4057-a1a3-413f82c3c0c5"
metron:5034b152-b101-4025-92f6-94735cbf7fd3,Natural Gas Price,Prix du gaz naturel,,,0,0,-3,0,0,0,0,0,Dollars Per Cubic Meter,,"$/m³, $/L, KRW/L, DKK/Nm³, JPY/Sm³, KRW/Nm³, €/Nm³, €/m³, DKK/L, JPY/Nm³, KRW/Sm³, $/Sm³, DH/m³, JPY/L, DH/Sm³, €/L, DKK/Sm³, DH/ft³, €/Sm³, DH/L","metron:dab3e514-2c52-4b1d-9353-a254baded53d, metron:0cedee32-77b9-41ce-9944-b0cd06f52993, metron:292e437d-76d8-4216-995c-e278fc6c1bb2, metron:49d3dc00-1e1d-4b59-b759-83ba90541ac3, metron:4ecfdf80-b3eb-4ceb-8bdd-9bb769e4b71f, metron:73c9251e-3de3-4570-b11f-6d33505b2648, metron:8a9e60b7-dcc6-435e-bbe9-7ce1fa1f1438, metron:901a77c5-b6f4-4247-b1ca-ef8d4c56bd77, metron:9464be57-b471-4301-a5e9-3b6145cfb380, metron:94f9ad47-3743-445b-a9dc-5033d24be690, metron:ab0ee135-6a30-4257-b9f0-cc984c421f0b, metron:b096ddd5-8657-4cb9-a322-1a152d3da03a, metron:b4093c8d-39dc-400a-bb94-46a1da94479a, metron:b47cb613-09d7-423d-a5ec-05fb5206a12f, metron:c08cc06f-e084-42ca-a2d0-b72e63202792, metron:c64487ad-9d3f-40e6-a110-0554d73e4f8b, metron:c9373ec5-9a0e-4104-8655-7bf116796e84, metron:c9b2b393-9e10-4877-9cdf-bfd4dbc44e92, metron:e608bbb7-c5b4-408a-870b-33d1825d8401, metron:ea5d3cfc-b97f-42ff-9b69-3104a9d2426a"
metron:1b151f18-e61e-4d14-b8cd-c48fa105d0c4,Nominal Coefficient of Performance,Coefficient de Performance Nominal,,,0,0,0,0,0,0,0,0,No Unit,,Dimensionless,metron:9fbbb7a8-c133-4f97-a561-e467e086143d
metron:a919d95d-cbd3-45d7-a50b-6b5d2756a3b7,Number Of Cycles,Nombre de Cycles,,Nombre de cycles de charge/décharge d'une batterie,0,0,0,0,0,0,0,0,No Unit,,Dimensionless,metron:9fbbb7a8-c133-4f97-a561-e467e086143d
metron:5f0e167c-2d2b-4cdf-86ed-436287987b65,Outlet Pressure,Pression de sortie,,,0,0,-1,0,1,0,-2,0,Pascal,,"Pa, daPa, mmH2O, PSI, inHg, cbar, kPa, cPa, inH20, torr, MPa, bar, cmH2O, cmHg, mmHg, ftH2O, mPa, hPa, mmWC, mbar","metron:9cb63560-dc2f-4d92-bf93-a59e5c39f6a4, metron:a2a923e5-d8eb-4dfc-b211-fd3436703e7d, metron:b80f64c9-e870-4a19-acde-980a61e53427, metron:befd8e44-39b1-40bd-9259-a8f5efafd944, metron:d4b2b0d1-0096-45bc-9899-5d58ca040eaf, metron:d5a17d59-5916-48e7-b649-2a11218a182e, metron:ed2fbace-f3ea-40e8-ab84-635d71250c99, metron:ed8e2b10-4188-48bd-aaf1-3a7b27139ff2, metron:0f8fa68e-ac12-4120-9c7a-f49e541e0dc8, metron:02d466f2-8d2a-4bef-afad-07c609b6d9c4, metron:022af66b-1aa0-414e-b858-796ca98df8fd, metron:21418e65-8310-432a-8776-ca5f863cfbcd, metron:43ffa69c-446f-41d1-b86c-3e84a01c0ec3, metron:4331674b-3843-48e8-9c97-55161e2a76b0, metron:63bab5cb-eb14-4292-94d3-cb4c5000b743, metron:7acabf4a-7e5a-4a3b-aaaf-acd3a500abb0, metron:7461dd6d-fb32-47df-b098-b849df91a911, metron:85ee9556-e899-4318-92f1-c4537ae02206, metron:861c1e62-7fe4-4c53-ab92-bf9c55d9aad0, metron:99643730-e3e7-4e83-b96a-e3b23cee3a04"
metron:86331089-b5e1-4c34-b891-fa3c926d3346,Oxygen Concentration,Concentration en Oxygen,,,0,0,0,0,0,0,0,0,Percent,,"%, ppm","metron:9e0f6749-91e4-4d2f-aae2-97b9cbfac1fa, metron:f5d69757-a5e8-4057-a1a3-413f82c3c0c5"
metron:9562feb2-85fd-496e-9349-b8bef217a241,Ozone,Quantité de Matière d'Ozone Surfacique,,,1,0,3,0,0,0,0,0,Mole Per Square Meter,,"mol/m², DU","metron:3c94f9f9-cf74-41a6-be09-cb9473956579, metron:26d23505-5427-4a3d-8877-7f5ae1ffff47"
metron:dd224d30-a9fb-48b5-a56d-6fcd6ff20286,Part Of Day,Jour - Nuit,Data from a weatherbit station which indicates if it is at night or during the day,Donnée weatherbit indicant s'il fait jour ou nuit,0,0,0,0,0,0,0,0,No Unit,,Dimensionless,metron:9fbbb7a8-c133-4f97-a561-e467e086143d
metron:7f16d9f1-6b08-4282-9454-c02991d742e3,Particles concentration (<10µm),Concentration en particules (<10µm),,,0,0,0,0,0,0,0,0,Percent,,"%, ppm","metron:9e0f6749-91e4-4d2f-aae2-97b9cbfac1fa, metron:f5d69757-a5e8-4057-a1a3-413f82c3c0c5"
metron:0b7fecd5-d9ee-49ee-889a-7ea732b58a2c,Particules Concentration (<10Μm),Concentration En Particules (<10Μm),,,0,0,0,0,0,0,0,0,Percent,,"%, ppm","metron:9e0f6749-91e4-4d2f-aae2-97b9cbfac1fa, metron:f5d69757-a5e8-4057-a1a3-413f82c3c0c5"
metron:157ab87e-fee1-4ef9-ac5d-51255e463956,Particules Concentration (<2.5Μm),Concentration En Particules (<2.5Μm),,,0,0,0,0,0,0,0,0,Percent,,"%, ppm","metron:9e0f6749-91e4-4d2f-aae2-97b9cbfac1fa, metron:f5d69757-a5e8-4057-a1a3-413f82c3c0c5"
metron:de2af95e-d605-46e4-8126-c46d9659d95b,Particules concentration (<2.5µm),Concentration en particules (<2.5µm),,,0,0,0,0,0,0,0,0,Percent,,"%, ppm","metron:9e0f6749-91e4-4d2f-aae2-97b9cbfac1fa, metron:f5d69757-a5e8-4057-a1a3-413f82c3c0c5"
metron:4745f0a6-4a1b-4cf8-b78a-31bd54a83065,Percentage,Pourcentage,,,0,0,0,0,0,0,0,1,Percent,,"%, ppm","metron:9e0f6749-91e4-4d2f-aae2-97b9cbfac1fa, metron:f5d69757-a5e8-4057-a1a3-413f82c3c0c5"
metron:3878fbaf-3c07-4b13-abf1-78acfcddb910,Percentage Door Opening,Pourcentage d'ouverture de porte,,,0,0,0,0,0,0,0,0,Percent,,%,metron:9e0f6749-91e4-4d2f-aae2-97b9cbfac1fa
metron:0edc78fb-1695-4fee-80bd-75436cb31f42,Percentage Rate,Vitesse De Variation Du Pourcentage,,,0,0,0,0,0,0,-1,1,Percent Per Second,,"%/s, %/min","metron:f40a322b-ba82-4dd6-8238-04b8909d6173, metron:987a0283-1530-4d20-80fa-617cc5b38660"
metron:91e0a0d5-a01f-4ab6-906a-1ebcb9489740,Percentage Total Electrical Energy Consumed,Pourcentage de l'Energie Electique Consommée,Percentage Total Electrical Energy Consumed,Part de la consommation d'énergie électrique d'un usage énergétique par rapport à la consommation totale du site,0,0,0,0,0,0,0,0,Percent,,%,metron:9e0f6749-91e4-4d2f-aae2-97b9cbfac1fa
metron:7f736e0c-7812-44c4-9764-3315da2407e1,Percentage Total Electrical Power Consumed,Pourcentage de la Puissance Electique Consommée,Percentage Total Electrical Power Consumed,"Part de la consommation de puissa,ce électrique d'un usage énergétique par rapport à la consommation totale du site",0,0,0,0,0,0,0,0,Percent,,%,metron:9e0f6749-91e4-4d2f-aae2-97b9cbfac1fa
metron:092c2efc-30c0-46aa-b831-5367a32bc198,Percentage Total Gas Energy Consumed,Pourcentage de l'Energie Gaz Consommée,Percentage Total Gas Energy Consumed,Part de la consommation d'énergie gaz d'un usage énergétique par rapport à la consommation totale du site,0,0,0,0,0,0,0,0,Percent,,%,metron:9e0f6749-91e4-4d2f-aae2-97b9cbfac1fa
metron:2aed4e54-f130-4db6-baf1-6f740420bf0a,Percentage Total Gas Power Consumed,Pourcentage de la Puissance Gaz Consommée,Percentage Total Gas Energy Consumed,Part de la consommation de la puissance gaz d'un usage énergétique par rapport à la consommation totale du site,0,0,0,0,0,0,0,0,Percent,,%,metron:9e0f6749-91e4-4d2f-aae2-97b9cbfac1fa
metron:9340f9ae-7c84-4848-a140-bafd50bc3d06,Performance Indicator,Indicateur De Performance,,,0,0,0,0,0,0,0,1,No Unit,,"Dimensionless, COP/MLb, COP/kWh, COP/m², COP, COP/h, COP/(Sm³.kg), COP/Sm³, COP/(kWh.kg), COP/kg","metron:9fbbb7a8-c133-4f97-a561-e467e086143d, metron:09e4cb9d-01cd-474e-8ef1-986f9019f601, metron:0bcf3f27-32d6-4e2e-9a88-27c812ad0482, metron:0cc395fe-a237-4170-a62c-7ad0339e5c2b, metron:2809b654-fafd-4e74-8c26-7ec2950684db, metron:56a0b949-0363-47c1-b376-72cd552c9836, metron:96454f4c-f8db-4bb0-b859-508d33d43200, metron:a197029a-fab2-49bf-bba1-b243b14811e1, metron:c6b8952a-2667-4696-9e34-cb24291b998d, metron:e0400c7d-37c6-408e-9e9d-b132aca98dff"
metron:00018b91-3ff3-4b80-ab1b-63eb2ccb28ad,Piece Flowrate,Débit Unitaire,Flowrate of pieces of production. Unit: produced units per unit of time,Débit des unités produites. Unité: Unités produites par unité de temps,0,0,0,0,0,0,-1,0,Units Per Second,,"U/s, U/w, unit/h, unit/min, U/min, U/h, U/d","metron:bac6b788-98e7-42ec-b1d0-aa6586dc5b22, metron:6322bba1-de85-45e9-965a-3ef1f62d82cf, metron:7346a4f2-97d3-464b-b7d7-e50d070d0e3b, metron:8f1cea60-727f-46cd-8614-b1e93cf5af5a, metron:a400abfc-0102-47cc-927c-25c22159cc16, metron:ee63ebe7-5a19-49f6-8b48-b0b9f4e20c23, metron:f15c992d-3aa6-46c5-8ffc-71c85581b09b"
metron:3a59736b-c8e3-49a4-895d-82dbc3fbe8d1,Pinch,Pincement,,,0,0,0,0,0,0,0,0,Degree Kelvin,,"K, °C, °F, da°C","metron:bc74c6e1-8ac0-4491-9e91-fc4c97d0baeb, metron:59c20b5c-b271-4d4e-ab2b-db92e24cbe61, metron:a1b32680-a76f-4f06-8dfb-54535895bba5, metron:d30519eb-04da-4682-a159-63374cb7d974"
metron:5c689e94-fdfd-48c6-a2bb-a827bb730c51,Polytropic Compression Efficiency,Rendement De Compression Polytropique,,,0,0,0,0,0,0,0,0,Percent,,"Dimensionless, %","metron:9fbbb7a8-c133-4f97-a561-e467e086143d, metron:9e0f6749-91e4-4d2f-aae2-97b9cbfac1fa"
metron:bf9c5690-572f-43c8-bd9c-562ca375677e,Polytropic Compression Power,Puissance de Compression Polytropique,,,0,0,2,0,1,0,-3,0,Watt,,"kW, W, Mcal/h, MJ/h, GW, MW, Wh/d, Btu/h, kcal/h, kWh/d, MMBtu/h, GJ/h, MWh/d, J/h, kWh/h, th/h","metron:056668ba-e28a-4e8c-a0be-1ebc3541e5e2, metron:4cc74320-d5ed-4479-818a-e8d7a6aa1ab1, metron:a4906065-ba08-41bc-891c-7f1187dc92f, metron:b3a20c60-74da-4cde-a54a-c7830537fc1d, metron:d172682d-603c-4bb0-b442-36589a482aff, metron:0ce34129-b886-4a41-8cf4-a585e04a1b7a, metron:13dac0cd-6640-48c8-861a-1ca83e52f18d, metron:3e85d538-83a7-434c-8c8a-0127aedf87dc, metron:32e34760-0173-42e9-aa63-f6666a5ad07f, metron:337eb34e-2428-4963-9720-2b685605d33a, metron:561df5c5-333c-4314-8de4-7fab58828864, metron:6f2ce799-957d-4bb4-a26b-72945826b169, metron:63b372d2-b47b-4684-8a47-da5ca8fc01c4, metron:77954468-1af1-4bd3-89b6-621b56dd86ee, metron:84c3b27c-4911-4cf8-a3f3-2f1faa62817c, metron:8809af4e-3b78-4d43-a836-d08418690275"
metron:44238594-9178-46e8-878b-840271b5ed96,Potential Of Hydrogen,Potentiel Hydrogène,,,0,0,0,0,0,0,0,0,Ph,,pH,metron:80a80546-e6b4-49a0-8ca8-804429de2922
metron:06865900-ff13-490f-92ab-481cc94e68ca,Power,Puissance,,,0,0,2,0,1,0,-3,0,Watt,,"kW, W, Mcal/h, MJ/h, GW, MW, Wh/d, Btu/h, kcal/h, kWh/d, MMBtu/h, GJ/h, MWh/d, J/h, kWh/h, th/h","metron:056668ba-e28a-4e8c-a0be-1ebc3541e5e2, metron:4cc74320-d5ed-4479-818a-e8d7a6aa1ab1, metron:a4906065-ba08-41bc-891c-7f1187dc92f, metron:b3a20c60-74da-4cde-a54a-c7830537fc1d, metron:d172682d-603c-4bb0-b442-36589a482aff, metron:0ce34129-b886-4a41-8cf4-a585e04a1b7a, metron:13dac0cd-6640-48c8-861a-1ca83e52f18d, metron:3e85d538-83a7-434c-8c8a-0127aedf87dc, metron:32e34760-0173-42e9-aa63-f6666a5ad07f, metron:337eb34e-2428-4963-9720-2b685605d33a, metron:561df5c5-333c-4314-8de4-7fab58828864, metron:6f2ce799-957d-4bb4-a26b-72945826b169, metron:63b372d2-b47b-4684-8a47-da5ca8fc01c4, metron:77954468-1af1-4bd3-89b6-621b56dd86ee, metron:84c3b27c-4911-4cf8-a3f3-2f1faa62817c, metron:8809af4e-3b78-4d43-a836-d08418690275"
metron:13841cc6-8be4-4227-b56e-924f8a1d2820,Power Factor,Facteur de Puissance,,,0,0,0,0,0,0,0,1,No Unit,,Dimensionless,metron:9fbbb7a8-c133-4f97-a561-e467e086143d
metron:e0b6cc8a-4773-400b-86b6-27cfb163ca0d,Precipitation,Précipitation,,,0,0,1,0,0,0,-1,0,Meter Per Second,,"m/s, mm/h, mm/s, m/min, km/h, ft/min, cm/s","metron:c1f3d976-f4cc-4aa2-9c97-6d8ade786269, metron:01eb43df-12d6-4609-8b5d-6e1adf9c318a, metron:03f94100-7ab4-4c13-9412-6f8331888325, metron:42e0133f-3c2c-43a2-b9f6-d9e36dab4033, metron:5fe5cb8b-cf59-4c5a-8549-24f6ee22686f, metron:6d4a7682-fea6-49f6-8bee-764597e953f7, metron:ab375ca9-fc95-49ca-a09b-e9bfe4036256"
metron:e9f388d3-ef7c-499e-986f-4e3cada923eb,Pressure,Pression,,,0,0,-1,0,1,0,-2,0,Pascal,,"Pa, daPa, mmH2O, PSI, inHg, cbar, kPa, cPa, inH20, torr, MPa, bar, cmH2O, cmHg, mmHg, ftH2O, mPa, hPa, mmWC, mbar","metron:9cb63560-dc2f-4d92-bf93-a59e5c39f6a4, metron:a2a923e5-d8eb-4dfc-b211-fd3436703e7d, metron:b80f64c9-e870-4a19-acde-980a61e53427, metron:befd8e44-39b1-40bd-9259-a8f5efafd944, metron:d4b2b0d1-0096-45bc-9899-5d58ca040eaf, metron:d5a17d59-5916-48e7-b649-2a11218a182e, metron:ed2fbace-f3ea-40e8-ab84-635d71250c99, metron:ed8e2b10-4188-48bd-aaf1-3a7b27139ff2, metron:0f8fa68e-ac12-4120-9c7a-f49e541e0dc8, metron:02d466f2-8d2a-4bef-afad-07c609b6d9c4, metron:022af66b-1aa0-414e-b858-796ca98df8fd, metron:21418e65-8310-432a-8776-ca5f863cfbcd, metron:43ffa69c-446f-41d1-b86c-3e84a01c0ec3, metron:4331674b-3843-48e8-9c97-55161e2a76b0, metron:63bab5cb-eb14-4292-94d3-cb4c5000b743, metron:7acabf4a-7e5a-4a3b-aaaf-acd3a500abb0, metron:7461dd6d-fb32-47df-b098-b849df91a911, metron:85ee9556-e899-4318-92f1-c4537ae02206, metron:861c1e62-7fe4-4c53-ab92-bf9c55d9aad0, metron:99643730-e3e7-4e83-b96a-e3b23cee3a04"
metron:22331f65-3410-46d8-9fdb-12988c6d83d9,Pressure Drop,Perte de Charge,,,0,0,-1,0,1,0,-2,0,Pascal,,"Pa, daPa, mmH2O, PSI, inHg, cbar, kPa, cPa, inH20, torr, MPa, bar, cmH2O, cmHg, mmHg, ftH2O, mPa, hPa, mmWC, mbar","metron:9cb63560-dc2f-4d92-bf93-a59e5c39f6a4, metron:a2a923e5-d8eb-4dfc-b211-fd3436703e7d, metron:b80f64c9-e870-4a19-acde-980a61e53427, metron:befd8e44-39b1-40bd-9259-a8f5efafd944, metron:d4b2b0d1-0096-45bc-9899-5d58ca040eaf, metron:d5a17d59-5916-48e7-b649-2a11218a182e, metron:ed2fbace-f3ea-40e8-ab84-635d71250c99, metron:ed8e2b10-4188-48bd-aaf1-3a7b27139ff2, metron:0f8fa68e-ac12-4120-9c7a-f49e541e0dc8, metron:02d466f2-8d2a-4bef-afad-07c609b6d9c4, metron:022af66b-1aa0-414e-b858-796ca98df8fd, metron:21418e65-8310-432a-8776-ca5f863cfbcd, metron:43ffa69c-446f-41d1-b86c-3e84a01c0ec3, metron:4331674b-3843-48e8-9c97-55161e2a76b0, metron:63bab5cb-eb14-4292-94d3-cb4c5000b743, metron:7acabf4a-7e5a-4a3b-aaaf-acd3a500abb0, metron:7461dd6d-fb32-47df-b098-b849df91a911, metron:85ee9556-e899-4318-92f1-c4537ae02206, metron:861c1e62-7fe4-4c53-ab92-bf9c55d9aad0, metron:99643730-e3e7-4e83-b96a-e3b23cee3a04"
metron:236cedd0-c155-4910-b7bc-343e846238ff,Pressure Rate,Vitesse De Variation De Pression,,,0,0,-1,0,1,0,-3,0,Pascal Per Second,,"Pa/s, bar/min, mPa/s","metron:d2a8a66a-b94b-4ba9-86b4-42939c5e8387, metron:393c74a4-ebc4-4539-ab6c-7a10b2450b56, metron:dbc8b4a4-8636-4a04-ac79-c2d8bd9d44ba"
metron:8370b101-a6b3-4d1c-90fa-59b0fd49061f,Probability of Precipitation,Probabilité de Précipitation,,,0,0,0,0,0,0,0,0,Percent,,"Dimensionless, %","metron:9fbbb7a8-c133-4f97-a561-e467e086143d, metron:9e0f6749-91e4-4d2f-aae2-97b9cbfac1fa"
metron:98f41b80-992f-4830-ace9-40f9a16481ac,Produced Energy,Energie Produite,,,0,0,2,0,1,0,-2,0,Joule,,"J, MWh, kJ, MW.s, kW.s, kWh, W.s, MJ, Wh, GWh","metron:e6a2ba3d-c240-4f63-a2c4-cc1558603d0b, metron:ccc8c390-391a-454a-a968-9f975b4d7fc4, metron:f2327135-3f11-41f3-a25c-082889ddb960, metron:03ac9acf-c979-4e3d-8ee3-a3076192d622, metron:045b5e02-01b1-4a33-bdae-7b58daaa6f5f, metron:30cc758c-7825-44c8-a021-3bb7436e5dd5, metron:368dcb3d-d4e9-4153-bb74-1ed0edd1b7d9, metron:4c4a914a-9dcb-4142-aefd-b704401e12aa, metron:513fafd7-d971-47df-bc14-0f5b448b4cf2, metron:93e08fa8-d5ad-4728-b06f-bb1d8d091172"
metron:0b81e56f-f3ee-4673-b3e1-515e44b374e6,Produced Power,Puissance Produite,,,0,0,2,0,1,0,-3,0,Watt,,"kW, W, MW, Wh/d, kWh/d, MWh/d","metron:056668ba-e28a-4e8c-a0be-1ebc3541e5e2, metron:4cc74320-d5ed-4479-818a-e8d7a6aa1ab1, metron:0ce34129-b886-4a41-8cf4-a585e04a1b7a, metron:13dac0cd-6640-48c8-861a-1ca83e52f18d, metron:337eb34e-2428-4963-9720-2b685605d33a, metron:63b372d2-b47b-4684-8a47-da5ca8fc01c4"
metron:aacd9920-e29f-4394-8a7c-08ac9b95a17b,Ratio Air - Gas,Rapport Air - Gaz,,,0,0,0,0,0,0,0,0,Percent,,"Dimensionless, %","metron:9fbbb7a8-c133-4f97-a561-e467e086143d, metron:9e0f6749-91e4-4d2f-aae2-97b9cbfac1fa"
metron:9ee2a6d4-0ec7-4af3-bd2e-a577a39e3dd7,Reactive Energy,Energie Réactive,,,0,0,2,0,1,0,-2,0,Joule,,"J, MWh, kJ, MW.s, kW.s, kWh, W.s, MJ, Wh, GWh, VARh, MVARh, kVARh","metron:e6a2ba3d-c240-4f63-a2c4-cc1558603d0b, metron:ccc8c390-391a-454a-a968-9f975b4d7fc4, metron:f2327135-3f11-41f3-a25c-082889ddb960, metron:03ac9acf-c979-4e3d-8ee3-a3076192d622, metron:045b5e02-01b1-4a33-bdae-7b58daaa6f5f, metron:30cc758c-7825-44c8-a021-3bb7436e5dd5, metron:368dcb3d-d4e9-4153-bb74-1ed0edd1b7d9, metron:4c4a914a-9dcb-4142-aefd-b704401e12aa, metron:513fafd7-d971-47df-bc14-0f5b448b4cf2, metron:93e08fa8-d5ad-4728-b06f-bb1d8d091172, metron:655b58ff-82e2-4226-8b09-e221d6e2cb2d, metron:b021148a-6068-479c-93d9-e000d14a02fc, metron:bc302621-42e1-4386-90ff-f9dfb5f07c43"
metron:3078ec4d-3747-4a5e-b7f8-73e767912846,Reactive Power,Puissance Réactive,,,0,0,2,0,1,0,-3,0,Volt-ampere Reactive,,"VAr, kVAr, MVAR","metron:e3f3aff7-5b15-4052-979b-a9be33a32e90, metron:271f5f6e-b13f-4685-adab-b4a973ad085c, metron:ae49cdba-1973-4636-a97b-a01d65c71cd2"
metron:9fe1c3f9-f261-432d-9758-4219ab2ab41b,Ready,Disponibilité,Boolean which represent avaibability of the device,,0,0,0,0,0,0,0,0,No Unit,,Dimensionless,metron:9fbbb7a8-c133-4f97-a561-e467e086143d
metron:6aa8796a-5ad7-4307-a0e5-94729ed0eb66,Relative Humidity,Humidité Relative,Relative humidity,Humidité relative,0,0,0,0,0,0,0,0,Percent,,%,metron:9e0f6749-91e4-4d2f-aae2-97b9cbfac1fa
metron:43d59aec-a30c-4d0d-9cce-24a0fefe47a8,Relative Slip,Glissement Relatif,"Slip is defined as the difference between synchronous speed and operating speed, at the same frequency. S = (W_synchronism - W_rotation)/W_synchronism",Le glissement est une grandeur qui rend compte de l'écart de vitesse de rotation d'une machine asynchrone par rapport à la vitesse de rotation de son champ statorique.  G = (W_synchronism - W_rotation)/W_synchronism,0,0,0,0,0,0,0,0,No Unit,,Dimensionless,metron:9fbbb7a8-c133-4f97-a561-e467e086143d
metron:6f8d8662-d3c3-4759-8af3-ac415a87a20a,Rotation Speed,Vitesse de rotation,,,0,0,0,0,0,0,-1,0,Radian Per Second,,"rad/s, tr/min, rps, rpm, rad/min","metron:3481a2ed-cb5e-4463-8f29-2549f38043d5, metron:3146de31-693c-404f-902a-b04b02bd18a2, metron:40b88aa5-1f3f-4947-9429-6a2d3ffea444, metron:832e2290-3b92-48de-9117-20c8bb8bd19b, metron:a1e52884-dafc-4602-be3f-75a24df26cab"
metron:55fa7684-70d1-463d-b871-e7776187fc44,Run,Marche,,,0,0,0,0,0,0,0,1,No Unit,,Dimensionless,metron:9fbbb7a8-c133-4f97-a561-e467e086143d
metron:b8189618-da45-46a7-983b-f920bcb99dca,Running Hour,Heures de Fonctionnement,,,0,0,0,0,0,0,1,0,Second,,"s, d, min, ms, h","metron:007e74ff-d562-4c1a-a8e2-7231ce0b1b55, metron:2d6ecf4e-74ed-48e5-94e4-75d6fabe462d, metron:494d7313-2356-4b55-8f69-7ca2d7084290, metron:8b163c87-f0b8-4d1a-a78c-be37200b147a, metron:8e043994-690d-45b2-9d10-15b0a94812b6"
metron:62249a91-b38d-486f-8770-05efb61f7f26,Snow Depth,Hauteur de Neige,,,0,0,1,0,0,0,0,0,Meter,,"m, mm, ft, km, cm, µm","metron:1dcc45e9-41c5-4d57-9cf8-c5a8aa2a5c77, metron:43698332-5b94-4ef5-bd31-45401dd6068e, metron:571f5bd4-065b-48a4-9ee6-2e8fb719ce5b, metron:5b9e223a-8492-4e9d-8086-6c91c095b123, metron:6bfdbde5-f780-4029-9796-6a7ae8ed5967, metron:d053d1e1-fda4-4435-aad8-7278331ac95e"
metron:3ab3c0ea-39b3-4142-8226-b0a46a3b58df,Solar Elevation Angle,Angle d'Elevation Solaire,,,0,0,0,0,0,0,0,0,Radian,,"rad, °","metron:6f140e1c-cbe0-4dc7-bcf8-8c59e7d65fed, metron:9f8593a2-e5e6-47dd-ba97-986ee95b0c28"
metron:5d26c496-9745-482a-82e4-1ee66cee5f91,Solar Hour Angle,Angle Horaire Solaire,,,0,0,0,0,0,0,0,0,Radian,,"rad, °","metron:6f140e1c-cbe0-4dc7-bcf8-8c59e7d65fed, metron:9f8593a2-e5e6-47dd-ba97-986ee95b0c28"
metron:a4c050f5-77b6-460c-a02a-7dc7221ae66d,Solar Irradiance,Irradiance Solaire,,,0,0,0,0,1,0,-3,0,Watt Per Square Meter,,"W/m², kW/m², W/cm², kcal/(h.m²)","metron:81a50e78-65bd-42cf-85c3-36283521647d, metron:104d8228-ce4c-4135-b85d-b78db98d924e, metron:796c8451-d912-4a3d-b442-87bb9e2f90fc, metron:873062a3-b2e4-40bb-9af7-c725422ef186"
metron:f6e92149-37ac-44e0-8bba-e76e28bc9829,Specific Consumption Length,Consommation Spécifique Linéaire,,,0,0,1,0,1,0,-2,0,Joule Per Meter,,"J/m, kWh/km","metron:216fe870-41c7-46ba-9a0a-1210220003da, metron:b41dc3d7-9361-4c36-a3dc-7db6adf73d12"
metron:2166f851-057c-488f-8735-918077d57e2a,Specific Consumption Mass,Consommation Spécifique Massique,,,0,0,2,0,0,0,-2,0,Joule Per Kilogram,,"J/kg, kWh/t, MWh/t, Mcal/kg, kcal/kg, kWh/kg, kJ/kg, J/g, GJ/t, Wh/kg, Btu/Lb, MJ/t, MWh/kg, kWh/g, tep/t, J/t, Wh/t, Mcal/t","metron:abf3741a-b043-4799-920d-990005d5e94e, metron:1284c37c-2abc-49e1-ae8f-e0208761cd05, metron:13d0bd33-97ec-4bf0-9d41-0c6698334c62, metron:273179bd-54bf-4cf4-94a2-bef210877bfc, metron:3208f17e-3e77-4ef2-828e-008bb472ab06, metron:32daa6be-d8e2-4625-a681-e5a7eeba641a, metron:4c3d97c2-ad61-4c8f-a33f-10f289ccd455, metron:5db890fa-5ac9-47cf-a336-e053cd0aed98, metron:606640e1-1f13-4504-82ba-6196b39653cf, metron:63a8f274-c81f-4f9b-ba8a-47843212c726, metron:685813cd-52e5-4abf-a1c5-337334239272, metron:7a5e4fce-b849-4f62-b39a-a9808f09ee5e, metron:9b74e8e9-faf8-455a-9413-f3e1e647b33d, metron:9f1c3c5b-67d3-478c-a395-a7622aadb131, metron:c2b7b928-5527-497a-9afe-2f2b991ea63d, metron:de78c1b4-af6d-497a-a641-ae8201a98aff, metron:fcb1b1b4-e429-4c3c-a56a-eed6baa49d40, metron:fcfe36c9-7963-4020-97fe-8f240b8d6cd7"
metron:a59f275a-6d4b-43c4-93d4-a97074318431,Specific Consumption Surface,Consommation Spécifique Surfacique,,,0,0,0,0,1,0,-2,0,Joule Per Square Meter,,"J/m², mJ/cm², kWh/m²","metron:b1b676f1-17de-4b08-8b8f-d7726cbe3aa3, metron:60e68e65-6e07-4210-b56a-3f6d0a045dd3, metron:7d16652d-0693-4531-9e5b-512a4096130f"
metron:49dff350-2d49-41fe-bbf5-4ec3f39c129b,Specific Consumption Unit,Consommation Spécifique Unitaire,,,0,0,2,0,1,0,-2,-1,Joule Per Unit,,"J/U, Wh/unit, MWh/U, Wh/U, kWh/U, kWh/unit","metron:c1be0c2d-95e7-47cd-a4ca-6e0a71a917a1, metron:03549b5a-ecdd-400f-bab9-a65303e065fc, metron:50b33d9a-26ee-499f-bcef-531ec2d58738, metron:67ac7941-e3b3-438a-b50e-62aaf18b3631, metron:8e21676f-ccee-47ac-ace8-a762bb4b9d36, metron:dd8f011a-6ef5-4bbd-bf6a-a81fc45fe309"
metron:eaee52d2-1ab3-487d-8056-2d210af3fdcd,Specific Consumption Volume,Consommation Spécifique Volumique,Refleat the efficiency of the compressor. It is the ratio between the consumed energy and the produced volume.,,0,0,-1,0,1,0,-2,0,Joule Per Cubic Meter,,"J/m³, kWh/Sm³, MJ/hL, kWh/Nm³, kWh/m³, MWh/m³, W/(m³/h), MJ/Sm³, Wh/m³, kWh/hL, Wh/Nm³, MJ/Nm³","metron:9d740787-b53b-4243-89d5-7f3f729044c6, metron:3725b3f1-fbb4-4c4a-8cc4-2072e49c1e10, metron:80643b13-5c8b-4577-9a77-d9efb01529c0, metron:974cbb4b-3434-4617-970b-f6e22da72dad, metron:9a7b4987-b8c6-48d4-83c5-3829cc7e294b, metron:a63e0d2c-94fd-44a0-88c8-256e77bb6c3f, metron:ae73f405-a314-46f9-85ce-b0713c628b5a, metron:b209ba66-9d32-4b28-81cb-f7760d260d4c, metron:e0a430c4-a984-4d08-9f23-07d15ae8293e, metron:e94f4089-a72f-4947-9b2b-d5113fd212c9, metron:f12da8aa-332c-43c6-a151-a86457f4e243, metron:58825b11-ecbb-44c7-aa7e-19f1bdb06bbf"
metron:f02dbf35-a262-4b4b-a7b1-de98952db2a2,Specific Enthalpy,Enthalpie Spécifique,Mass Enthalpy,Enthalpie Massique,0,0,2,0,0,0,-2,0,Joule Per Kilogram,,"J/kg, kWh/t, MWh/t, Mcal/kg, kcal/kg, kJ/kg, J/g, GJ/t, Wh/kg, MJ/t, MWh/kg, kWh/g, J/t, Wh/t, Mcal/t","metron:abf3741a-b043-4799-920d-990005d5e94e, metron:1284c37c-2abc-49e1-ae8f-e0208761cd05, metron:13d0bd33-97ec-4bf0-9d41-0c6698334c62, metron:273179bd-54bf-4cf4-94a2-bef210877bfc, metron:3208f17e-3e77-4ef2-828e-008bb472ab06, metron:4c3d97c2-ad61-4c8f-a33f-10f289ccd455, metron:5db890fa-5ac9-47cf-a336-e053cd0aed98, metron:606640e1-1f13-4504-82ba-6196b39653cf, metron:63a8f274-c81f-4f9b-ba8a-47843212c726, metron:7a5e4fce-b849-4f62-b39a-a9808f09ee5e, metron:9b74e8e9-faf8-455a-9413-f3e1e647b33d, metron:9f1c3c5b-67d3-478c-a395-a7622aadb131, metron:de78c1b4-af6d-497a-a641-ae8201a98aff, metron:fcb1b1b4-e429-4c3c-a56a-eed6baa49d40, metron:fcfe36c9-7963-4020-97fe-8f240b8d6cd7"
metron:96d12c21-0f2c-4d9b-8de8-f7adea9e81a8,Specific Entropy,Entropie Spécifique,Mass Entropy,Entropie Massique,0,0,2,0,0,0,-2,0,Joule Per Kilogram,,"J/kg, kWh/t, MWh/t, Mcal/kg, kcal/kg, kWh/kg, kJ/kg, J/g, GJ/t, Wh/kg, MJ/t, MWh/kg, kWh/g, J/t, Wh/t, Mcal/t","metron:abf3741a-b043-4799-920d-990005d5e94e, metron:1284c37c-2abc-49e1-ae8f-e0208761cd05, metron:13d0bd33-97ec-4bf0-9d41-0c6698334c62, metron:273179bd-54bf-4cf4-94a2-bef210877bfc, metron:3208f17e-3e77-4ef2-828e-008bb472ab06, metron:32daa6be-d8e2-4625-a681-e5a7eeba641a, metron:4c3d97c2-ad61-4c8f-a33f-10f289ccd455, metron:5db890fa-5ac9-47cf-a336-e053cd0aed98, metron:606640e1-1f13-4504-82ba-6196b39653cf, metron:63a8f274-c81f-4f9b-ba8a-47843212c726, metron:7a5e4fce-b849-4f62-b39a-a9808f09ee5e, metron:9b74e8e9-faf8-455a-9413-f3e1e647b33d, metron:9f1c3c5b-67d3-478c-a395-a7622aadb131, metron:de78c1b4-af6d-497a-a641-ae8201a98aff, metron:fcb1b1b4-e429-4c3c-a56a-eed6baa49d40, metron:fcfe36c9-7963-4020-97fe-8f240b8d6cd7"
metron:bd3ee8dc-2ab1-4bda-88d7-6c416bba8e3f,Specific Heat Capacity,Capacité Thermique Spécifique,,,0,0,2,0,0,-1,-2,0,Joule Per Kilogram Per Kelvin,,"J/(kg.K), kJ/kg°C","metron:08165106-cfbf-4481-b686-50bc565d6250, metron:b7ed5ecd-5f6b-4521-b0bd-e394c1602895"
metron:6ea3c48e-cb15-47ef-a1bc-29d302005232,Specific Volume,Volume Spécifique,,,0,0,3,0,-1,0,0,0,Cubic Meter Per Kilogram,,"m³/kg, Nm³/kg, m³/t, gal/Mlb, Nm³/t, Sm³/t, Sm³/kg, gal/t","metron:f65c94fe-6bf0-43c6-9180-0029c203fb74, metron:00e7a589-4450-4a8b-a888-9d09d89ed151, metron:07f66987-2ed3-4c99-b458-d5dc4767297f, metron:49e1b8eb-f3e4-4196-80ad-520d6fefc5f8, metron:99506926-0b13-4a4a-9252-e801e85c5d47, metron:affc49e9-dd9d-4640-90f1-1bc22d56b634, metron:c117204d-763e-4d81-a815-2828961dedc9, metron:f153589b-10f7-418f-b3a7-20b1a7699d1f"
metron:0bb8c5c4-3a7d-4a75-9553-d2358ab5ada0,State Of Charge,Etat de Charge,,,0,0,0,0,0,0,0,0,Percent,,%,metron:9e0f6749-91e4-4d2f-aae2-97b9cbfac1fa
metron:11068121-a910-4739-b46e-9c36542e9a07,State Of Health,Etat de Santé,,,0,0,0,0,0,0,0,0,Percent,,%,metron:9e0f6749-91e4-4d2f-aae2-97b9cbfac1fa
metron:69aa09ee-27fd-4cc7-b75d-af73a761292d,Steam Cost,Coût de la Vapeur,,,0,0,0,0,0,0,0,1,Dollar,,"$, DH, MKRW, kJPY, M$, €, k€, k$, MDH, MJPY, MDKK, M€, kDH, kDKK, kKRW","metron:2b4cd768-e794-47f6-ae89-59cd58e20589, metron:07a17718-2059-45a3-aa70-ddfb66db4e30, metron:11c5420f-d835-443d-b34e-6f232844c257, metron:4491cce1-4d93-4849-9c77-35894c55da41, metron:460bf535-1cec-4b07-a70a-5892a802bbda, metron:568c092b-addf-4469-96a2-93a6d3586001, metron:58a07060-c3a4-49cb-8d1b-7dccedbaa463, metron:8ae1979a-dc2c-40d5-85c1-4e29d487d621, metron:96fdb14e-db5a-4944-ba61-fd1f6a41f1f5, metron:b5bf0e35-467b-4787-811d-845702b41f4b, metron:b7d5278d-fdde-460b-b0ea-11dafacc448d, metron:be7fae1b-5822-460d-84d2-8b0d1310d4e7, metron:c3808958-408d-4110-9580-60a3d525d18f, metron:cb3020c1-cdd2-4096-9507-46bc407e8d95, metron:fc31be16-6876-45cd-b4a7-e85d570f9de1"
metron:c38e4d8b-a4b9-4ab3-b898-5c159add29aa,Sun Hours,Durée D'Ensoleillement,https://en.wikipedia.org/wiki/Sunshine_duration ,https://fr.wikipedia.org/wiki/Dur%C3%A9e_d%27ensoleillement,0,0,0,0,0,0,1,0,Second,,"s, d, min, ms, h","metron:007e74ff-d562-4c1a-a8e2-7231ce0b1b55, metron:2d6ecf4e-74ed-48e5-94e4-75d6fabe462d, metron:494d7313-2356-4b55-8f69-7ca2d7084290, metron:8b163c87-f0b8-4d1a-a78c-be37200b147a, metron:8e043994-690d-45b2-9d10-15b0a94812b6"
metron:11374344-d41c-4f4c-b61d-ac6d42949982,Surface,Surface,,,0,0,2,0,0,0,0,0,Square Meter,,"m², cm², ft2","metron:1943087f-e60b-4f4c-bce6-caae4fcfcaaf, metron:2194e830-d3f1-40c9-924a-320f0fd29fad, metron:4a4708b9-79de-452b-ac9a-4d882fd583a8"
metron:9216654a-e43d-480f-a216-942520542ecf,Surface Electrical Conductance,Conductivité Electrique Linéaire,(= Surface Electrical Conductance),,0,2,-4,0,-1,0,3,0,Siemens Per Square Meter,,"S/m², µS/cm²","metron:dc853d8b-a8f0-4c99-8174-a2a62914f2f0, metron:2c090092-b54d-4b64-9f67-8eb12e192474"
metron:13e06b1d-728b-4bec-98f7-4943b051d5d1,Surface Flowrate,Débit De Surface,,,0,0,2,0,0,0,-1,0,Square Meter Per Second,,"m²/s, ft²/min, m²/min","metron:dc0b3369-f72c-4f6c-9302-db4049e74f16, metron:c6638a45-f7fa-4401-9399-d9de5fe63da0, metron:fa81ae4a-a4fd-4e47-99f7-81178ee6643e"
metron:1918fce2-3d48-4e5c-b959-537981eeeca6,Surface Intensity,Intensité Surfacique,,,0,1,-2,0,0,0,0,0,Ampere Per Square Meter,,A/m²,metron:f191eeca-b6c6-4b4e-972b-a6ae52e6486c
metron:9fc721a8-0121-4e76-9983-ec3680241c1d,Surface Luminous Intensity,Intensité Lumineuse Surfacique,,,0,0,-2,1,0,0,0,0,Lux,,lx,metron:b3cd2089-a256-46d4-be4b-c822737a2ecd
metron:a4f08d08-6477-4844-bb4b-d84c402a99cb,Surface Mass,Masse Surfacique,,,0,0,-2,0,1,0,0,0,Kilogram Per Square Meter,,"g/mm², kg/m², g/cm², kg/cm², mg/m², mg/cm², g/m²","metron:55b63125-9c10-4c04-8706-e25a026365e8, metron:0e9751ba-bd3a-4cc0-8d54-39df97e7366d, metron:10c0f510-8bcd-46e0-9179-694586283eb6, metron:1a80feed-581a-4f04-9b27-02b547ca1c79, metron:47f0094c-7878-43ac-a5c7-2ebc8138f4b2, metron:82e6f0ee-5153-42b8-8152-2268f26bf0ee, metron:aeb3b455-dc92-4a75-abb5-434366379ef5"
metron:8c763717-30b4-412d-a90b-f6581f6530ef,Surface Thermal Resistance,Résistance Thermique Surfacique,,,0,0,0,0,-1,1,3,0,Square Meter Kelvin Per Watt,,m².K/W,metron:21b36020-014d-4114-b1fa-33f1cd8120b3
metron:158b78a6-0b66-4a2e-b3b0-ec929af4b93f,Temperature,Température,,,0,0,0,0,0,1,0,0,Degree Kelvin,,"K, °C, °F, da°C","metron:bc74c6e1-8ac0-4491-9e91-fc4c97d0baeb, metron:59c20b5c-b271-4d4e-ab2b-db92e24cbe61, metron:a1b32680-a76f-4f06-8dfb-54535895bba5, metron:d30519eb-04da-4682-a159-63374cb7d974"
metron:e4921684-3f99-4b3f-9057-6531fa795ac6,Temperature Setpoint,Température de Consigne,,,0,0,0,0,0,1,0,0,Degree Kelvin,,"K, °C, °F, da°C","metron:bc74c6e1-8ac0-4491-9e91-fc4c97d0baeb, metron:59c20b5c-b271-4d4e-ab2b-db92e24cbe61, metron:a1b32680-a76f-4f06-8dfb-54535895bba5, metron:d30519eb-04da-4682-a159-63374cb7d974"
metron:03e111ae-726e-45a3-a86a-4b83b08d51cc,Thermal Conductance,Conductance thermique,,,0,0,2,0,0,-1,-3,0,Watt Per Kelvin,,"W/K, kWh/HDD, kW/K, MWh/HDD","metron:0a6312bc-ff23-4a0e-a398-e4213b4d17e7, metron:558c5e1c-bf7c-4cee-9b1c-1203ac50e154, metron:73c20a5d-25ce-4b71-8013-fbf9bed77908, metron:bca080f3-b97c-4440-b4ca-d3a37ede248b"
metron:31cdd57c-5651-4f91-81f0-03359e209930,Thermal Conductivity,Conductivité thermique,,,0,0,1,0,1,-1,-3,0,Watt Per Meter-Kelvin,,W/(m.K),metron:8cecb2a6-8b29-415e-993f-40e4d0c13888
metron:eb74c2f0-06be-472f-8cd6-dc04a7ca3509,Thermal Power,Puissance Thermique,,,0,0,2,0,1,0,-3,0,Watt,,"kW, W, Mcal/h, MJ/h, GW, MW, Wh/d, Btu/h, kcal/h, kWh/d, MMBtu/h, GJ/h, MWh/d, J/h, kWh/h, th/h","metron:056668ba-e28a-4e8c-a0be-1ebc3541e5e2, metron:4cc74320-d5ed-4479-818a-e8d7a6aa1ab1, metron:a4906065-ba08-41bc-891c-7f1187dc92f, metron:b3a20c60-74da-4cde-a54a-c7830537fc1d, metron:d172682d-603c-4bb0-b442-36589a482aff, metron:0ce34129-b886-4a41-8cf4-a585e04a1b7a, metron:13dac0cd-6640-48c8-861a-1ca83e52f18d, metron:3e85d538-83a7-434c-8c8a-0127aedf87dc, metron:32e34760-0173-42e9-aa63-f6666a5ad07f, metron:337eb34e-2428-4963-9720-2b685605d33a, metron:561df5c5-333c-4314-8de4-7fab58828864, metron:6f2ce799-957d-4bb4-a26b-72945826b169, metron:63b372d2-b47b-4684-8a47-da5ca8fc01c4, metron:77954468-1af1-4bd3-89b6-621b56dd86ee, metron:84c3b27c-4911-4cf8-a3f3-2f1faa62817c, metron:8809af4e-3b78-4d43-a836-d08418690275"
metron:d7aa287d-731e-485c-87a2-b56c796d214f,Thermal Resistivity,Résistivité Thermique,,,0,0,-1,0,-1,1,3,0,Meter Kelvin Per Watt,,m.K/W,metron:d9661a47-551a-491c-a062-bdfdbd928de5
metron:0098b191-8192-4be0-b02f-ce4d4790d432,Thermal Transmittance,Transmittance Thermique,,,0,0,0,0,1,-1,3,0,Watt Per Square Meter Per Kelvin,,"W/(m².K), kWh/(HDD.m2), Wh/(HDD.m²)","metron:748665a0-46d0-4af4-bab6-9b7131250e1f, metron:351aa897-2b43-4a6b-907d-bcc614089b32, metron:d410bead-8d61-4ca8-bcb1-bfb16ed4cbe8"
metron:30b0532c-fd0b-4ee5-bd5f-a2b6bab61de2,Time,Temps,Property Time,,0,0,0,0,0,0,1,0,Second,,"s, d, min, ms, h","metron:007e74ff-d562-4c1a-a8e2-7231ce0b1b55, metron:2d6ecf4e-74ed-48e5-94e4-75d6fabe462d, metron:494d7313-2356-4b55-8f69-7ca2d7084290, metron:8b163c87-f0b8-4d1a-a78c-be37200b147a, metron:8e043994-690d-45b2-9d10-15b0a94812b6"
metron:7135436d-5f69-4dac-8c5c-6bbcf3cfd05c,Time Price,Prix Par Unité De Temps,,,0,0,0,0,0,0,-1,1,Dollars Per Second,,"$/s, KRW/h, €/h, DH/s, DKK/h, JPY/h, DH/h, DH/min","metron:7189a528-a68a-4925-9f9e-cd5093feeaa7, metron:30fed297-483f-49e6-bc21-4a69dc3797cb, metron:35c1a456-9013-4e06-a603-72946a8187ea, metron:5f68e74c-75b8-426f-8e0f-a873d7926945, metron:6329ffe7-8ccb-4576-9469-b93a15e69742, metron:71a51e9e-ee70-4039-a0ca-3178190b883b, metron:8b905363-86d4-4649-a53c-13adf0e2e860, metron:f2fb69eb-5297-41de-a426-8b66fb8244dd"
metron:80eb7d22-b759-48ee-9e97-5281837c0b0a,Torque,Couple,,,0,0,2,0,1,0,-2,0,Newton-Metre,,"Nm, kN.m","metron:1115f81d-0736-4b34-aa30-ccaa61fc1948, metron:f08f9bf5-427b-4020-856d-5807daf363e7"
metron:d786388c-e2e8-4503-8df8-29a4a4fd59f7,Total Diffuse Horizontal Solar Irradiance,Irradiation Solaire Horizontale Diffusée Totale,https://en.wikipedia.org/wiki/Solar_irradiance,https://fr.wikipedia.org/wiki/Irradiation_solaire,0,0,0,0,1,0,-3,0,Watt Per Square Meter,,"W/m², kW/m², W/cm², kcal/(h.m²)","metron:81a50e78-65bd-42cf-85c3-36283521647d, metron:104d8228-ce4c-4135-b85d-b78db98d924e, metron:796c8451-d912-4a3d-b442-87bb9e2f90fc, metron:873062a3-b2e4-40bb-9af7-c725422ef186"
metron:f18ac7a5-3834-4d48-8780-38f7acaa0a1a,Total Direct Normal Solar Irradiance,Irradiation Solaire Normale Directe Totale,https://en.wikipedia.org/wiki/Solar_irradiance,https://fr.wikipedia.org/wiki/Irradiation_solaire,0,0,0,0,1,0,-3,0,Watt Per Square Meter,,"W/m², kW/m², W/cm², kcal/(h.m²)","metron:81a50e78-65bd-42cf-85c3-36283521647d, metron:104d8228-ce4c-4135-b85d-b78db98d924e, metron:796c8451-d912-4a3d-b442-87bb9e2f90fc, metron:873062a3-b2e4-40bb-9af7-c725422ef186"
metron:47ce50fc-e8de-45dc-b54e-8173c4593973,Total Energy Consumption,Consommation Energétique Totale,,,0,0,2,0,1,0,-2,0,Joule,,"J, MWd, GJ, Mcal, tep, kcal, th","metron:e6a2ba3d-c240-4f63-a2c4-cc1558603d0b, metron:176fd651-2b47-4fa8-9c30-21a6c4bfb47e, metron:252ff58c-6037-47b7-94cf-0b0ac76e887f, metron:0919121b-cca8-4aae-8aa3-c1a23623f3bf, metron:572fbea1-a9e1-41f1-b3f2-50b64dbe6323, metron:666244a5-2eed-48f4-92de-03037559b3d5, metron:e8cd6b9c-36e6-4781-98e0-2700b0b3bdcb"
metron:a102b6d3-706b-4c55-af48-b4413a8ab0b8,Total Global Horizontal Solar Irradiance,Irradiation Solaire Horizontale Directe Totale,https://en.wikipedia.org/wiki/Solar_irradiance,https://fr.wikipedia.org/wiki/Irradiation_solaire,0,0,0,0,1,0,-3,0,Watt Per Square Meter,,"W/m², kW/m², W/cm², kcal/(h.m²)","metron:81a50e78-65bd-42cf-85c3-36283521647d, metron:104d8228-ce4c-4135-b85d-b78db98d924e, metron:796c8451-d912-4a3d-b442-87bb9e2f90fc, metron:873062a3-b2e4-40bb-9af7-c725422ef186"
metron:dc00a6fe-10a7-48dd-a394-55a8859e157a,Translation Speed,Vitesse de translation,,,0,0,1,0,0,0,-1,0,Meter Per Second,,"m/s, mm/h, mm/s, m/min, km/h, ft/min, kn, cm/s","metron:c1f3d976-f4cc-4aa2-9c97-6d8ade786269, metron:01eb43df-12d6-4609-8b5d-6e1adf9c318a, metron:03f94100-7ab4-4c13-9412-6f8331888325, metron:42e0133f-3c2c-43a2-b9f6-d9e36dab4033, metron:5fe5cb8b-cf59-4c5a-8549-24f6ee22686f, metron:6d4a7682-fea6-49f6-8bee-764597e953f7, metron:8f480199-d55f-424f-9465-84a8ff2edc59, metron:ab375ca9-fc95-49ca-a09b-e9bfe4036256"
metron:d3707eaa-015e-479e-b117-448cdfcba377,Turbidity,Turbidité,,,0,0,0,0,0,0,0,1,Nephelometric Turbidity Unit,,"NTU, NFU","metron:9212a667-d2aa-4bbd-828e-adb1bb0d48ff, metron:9922811c-1215-47c1-b60f-b1c118ea789a"
metron:f26636c8-f908-47c8-9275-91e1c21bc669,UV Index,Indice UV,,,0,0,0,0,0,0,0,0,No Unit,,Dimensionless,metron:9fbbb7a8-c133-4f97-a561-e467e086143d
metron:f7eae2e0-d475-462f-961a-e3da4c121ca0,Unit Energy Consumption,Consommation Energétique Unitaire,,,0,0,2,0,1,0,-2,-1,Joule Per Unit,,"J/U, GJ/unit","metron:c1be0c2d-95e7-47cd-a4ca-6e0a71a917a1, metron:6009e9f2-ff35-4fc3-bd6d-970f07c545cd"
metron:29c497e9-bf7e-4ce9-807a-91f34087e363,Unit Number,Nombre D'Unité,,,0,0,0,0,0,0,0,1,Unit,,unit,metron:d4c9340a-fd55-4f94-9e2b-917725c4fd5f
metron:601791f2-594c-459b-9cb3-f49e40f7f2b4,Unit Price,Prix Par Unité,,,0,0,0,0,0,0,0,0,Dollars Per Unit,,"$/unit, DH/unit, KRW/unit, JPY/unit, DKK/unit, €/unit","metron:3941e5f1-6efc-4952-8dce-d54f25c5db08, metron:40eecc17-d4fc-4447-8d60-7632ef749159, metron:93d8fb34-1a7c-410d-8b22-e4f2bc52e7cf, metron:c8696e22-6ee1-4e7d-b4c7-08e6c77ae131, metron:eea2b23b-625d-49d6-80dc-b6b8b29c54b4, metron:f6e86153-dbcd-4075-9c93-0b910c6ce2ad"
metron:94aa6c45-97e9-453c-870c-bed4560da76b,Unit Specific Mass,Masse Spécifique D'Une Unité,,,0,0,0,0,1,0,0,-1,Kilogram Per Unit,,"kg/unit, t/unit","metron:ce0ac662-f943-440a-98b8-fa76a6be88a0, metron:37be522f-8914-4dbc-99b2-98e174ca165d"
metron:ce011a1b-96a9-4c78-b455-7d4be7f83c4e,Unit Specific Volume,Volume Spécifique D'Une Unité,,,0,0,3,0,0,0,0,-1,Cubic Meter Per Unit,,"m³/unit, Nm³/unit","metron:a533f82d-fb3b-42ee-9b1e-737688f1d358, metron:b56e64c3-1755-425a-9925-4a6cbdc6391c"
metron:e4a97577-93bf-48a2-b976-99c96682c26c,Visibility,Visibilité,,,0,0,1,0,0,0,0,0,Meter,,"m, mm, ft, km, cm, µm, NM","metron:1dcc45e9-41c5-4d57-9cf8-c5a8aa2a5c77, metron:43698332-5b94-4ef5-bd31-45401dd6068e, metron:571f5bd4-065b-48a4-9ee6-2e8fb719ce5b, metron:5b9e223a-8492-4e9d-8086-6c91c095b123, metron:6bfdbde5-f780-4029-9796-6a7ae8ed5967, metron:d053d1e1-fda4-4435-aad8-7278331ac95e, metron:41b7716c-b4ba-45e7-a6d6-85f27f5b833f"
metron:99b3e810-72d8-4631-8c9b-a217b92f8600,Voltage,Tension,,,0,-1,2,0,1,0,-3,0,Volt,,"V, mV, kV, MV","metron:ca5342ea-0341-4fee-a2c7-817e7d0cbdcc, metron:7c6355db-ba6b-43b5-a719-b4c7018821c6, metron:ccb31364-bd96-4482-b5f2-96737772765a, metron:f57d4c2d-c610-4597-b39c-d3a883ffaf60"
metron:fe3de99d-313d-489b-b348-b6640fe86f2d,Volume,Volume,,,0,0,3,0,0,0,0,0,Cubic Meter,,"m³, Nm³, dam³, L, hL, Sft³, Sm³, ft3, dm³, cm³, gal, mL","metron:ec02640b-8c8b-400f-8413-9f7340f1d5f7, metron:03db9d01-1e88-4198-a9f9-1f20a8305669, metron:0995bb70-a6cb-47d1-b5fa-4d531cfecf33, metron:262e890d-0ea1-4478-84e5-98e9ff240f51, metron:2b59cd9b-4695-44b1-a4d4-e86842e93f98, metron:42b5dad9-44de-4d1a-8886-e2c11f794be3, metron:4d300e2f-0ad5-4180-baa3-087159dd6455, metron:b433c179-c538-4d69-a7e5-62826b01aa2c, metron:c5e6932b-c5ae-4269-9995-0106f3d426c9, metron:f2a9f357-9c11-408a-bf92-da5638979aef, metron:f776ea2a-32d1-48ec-b08c-027972ffd304, metron:fb5c06f0-ef0b-4071-af55-4c6b1653ceb3"
metron:5c3ef9ba-4257-4151-b7f1-d901334fdb52,Volume Fuel Price,Prix du Fuel par Volume,,,0,0,-3,0,0,0,0,0,Dollars Per Cubic Meter,,"$/m³, $/L, KRW/L, €/m³, DKK/L, DH/m³, JPY/L, €/L, DH/ft³, DH/L, $/ft³, DKK/m³, KRW/m³, JPY/m³","metron:dab3e514-2c52-4b1d-9353-a254baded53d, metron:0cedee32-77b9-41ce-9944-b0cd06f52993, metron:292e437d-76d8-4216-995c-e278fc6c1bb2, metron:901a77c5-b6f4-4247-b1ca-ef8d4c56bd77, metron:9464be57-b471-4301-a5e9-3b6145cfb380, metron:b4093c8d-39dc-400a-bb94-46a1da94479a, metron:b47cb613-09d7-423d-a5ec-05fb5206a12f, metron:c64487ad-9d3f-40e6-a110-0554d73e4f8b, metron:c9b2b393-9e10-4877-9cdf-bfd4dbc44e92, metron:ea5d3cfc-b97f-42ff-9b69-3104a9d2426a, metron:015d7850-b588-43cc-b6fe-e8d90d385479, metron:0e7743aa-f6f3-4863-90cf-b41a639d8363, metron:64655d09-a968-4a04-9fd6-ec4dc43d6631, metron:664fbc02-956d-4b9a-8dbf-f76cd8b67b27"
metron:c094a2a9-edba-40da-9855-c5bfee821201,Volume Produced,Volume Produit,,,0,0,3,0,0,0,0,0,Cubic Meter,,"m³, Nm³, dam³, L, hL, Sft³, Sm³, ft3, dm³, cm³, gal, mL","metron:ec02640b-8c8b-400f-8413-9f7340f1d5f7, metron:03db9d01-1e88-4198-a9f9-1f20a8305669, metron:0995bb70-a6cb-47d1-b5fa-4d531cfecf33, metron:262e890d-0ea1-4478-84e5-98e9ff240f51, metron:2b59cd9b-4695-44b1-a4d4-e86842e93f98, metron:42b5dad9-44de-4d1a-8886-e2c11f794be3, metron:4d300e2f-0ad5-4180-baa3-087159dd6455, metron:b433c179-c538-4d69-a7e5-62826b01aa2c, metron:c5e6932b-c5ae-4269-9995-0106f3d426c9, metron:f2a9f357-9c11-408a-bf92-da5638979aef, metron:f776ea2a-32d1-48ec-b08c-027972ffd304, metron:fb5c06f0-ef0b-4071-af55-4c6b1653ceb3"
metron:a8b86a3f-48d2-4df1-a3c8-dbd2e3a1193e,Volume Ratio,Ratio De Volume,,,0,0,0,0,0,0,0,0,Cubic Meter Per Cubic Meter,,"m³/m³, cm³/L, mL/L","metron:a12b176d-8a46-4898-902d-85927e078815, metron:26226486-edc0-473a-9b0d-e681fca66eb9, metron:90dd9ec8-8c6c-42c9-bc5b-f1b2558d1a16"
metron:88dfda2f-0937-4183-a597-67f004764a08,Volume Steam Consumed,Volume de Vapeur Consommée,,,0,0,3,0,0,0,0,0,Cubic Meter,,"m³, Nm³, dam³, L, hL, Sft³, Sm³, ft3, dm³, cm³, gal, mL","metron:ec02640b-8c8b-400f-8413-9f7340f1d5f7, metron:03db9d01-1e88-4198-a9f9-1f20a8305669, metron:0995bb70-a6cb-47d1-b5fa-4d531cfecf33, metron:262e890d-0ea1-4478-84e5-98e9ff240f51, metron:2b59cd9b-4695-44b1-a4d4-e86842e93f98, metron:42b5dad9-44de-4d1a-8886-e2c11f794be3, metron:4d300e2f-0ad5-4180-baa3-087159dd6455, metron:b433c179-c538-4d69-a7e5-62826b01aa2c, metron:c5e6932b-c5ae-4269-9995-0106f3d426c9, metron:f2a9f357-9c11-408a-bf92-da5638979aef, metron:f776ea2a-32d1-48ec-b08c-027972ffd304, metron:fb5c06f0-ef0b-4071-af55-4c6b1653ceb3"
metron:fec6f07e-77f5-4219-9b2b-19644308b550,Volume Steam Price,Prix de la vapeur d'eau,,,0,0,-3,0,0,0,0,0,Dollars Per Cubic Meter,,"$/m³, $/L, KRW/L, €/m³, DKK/L, DH/m³, JPY/L, €/L, DH/ft³, DH/L, $/ft³, DKK/m³, KRW/m³, JPY/m³","metron:dab3e514-2c52-4b1d-9353-a254baded53d, metron:0cedee32-77b9-41ce-9944-b0cd06f52993, metron:292e437d-76d8-4216-995c-e278fc6c1bb2, metron:901a77c5-b6f4-4247-b1ca-ef8d4c56bd77, metron:9464be57-b471-4301-a5e9-3b6145cfb380, metron:b4093c8d-39dc-400a-bb94-46a1da94479a, metron:b47cb613-09d7-423d-a5ec-05fb5206a12f, metron:c64487ad-9d3f-40e6-a110-0554d73e4f8b, metron:c9b2b393-9e10-4877-9cdf-bfd4dbc44e92, metron:ea5d3cfc-b97f-42ff-9b69-3104a9d2426a, metron:015d7850-b588-43cc-b6fe-e8d90d385479, metron:0e7743aa-f6f3-4863-90cf-b41a639d8363, metron:64655d09-a968-4a04-9fd6-ec4dc43d6631, metron:664fbc02-956d-4b9a-8dbf-f76cd8b67b27"
metron:0deb5b0f-cf17-4fff-8d4c-f22b62dd51d0,Volume Water Consumed,Volume d'eau Consommée,,,0,0,3,0,0,0,0,0,Cubic Meter,,"m³, Nm³, dam³, L, hL, Sft³, Sm³, ft3, dm³, cm³, gal, mL","metron:ec02640b-8c8b-400f-8413-9f7340f1d5f7, metron:03db9d01-1e88-4198-a9f9-1f20a8305669, metron:0995bb70-a6cb-47d1-b5fa-4d531cfecf33, metron:262e890d-0ea1-4478-84e5-98e9ff240f51, metron:2b59cd9b-4695-44b1-a4d4-e86842e93f98, metron:42b5dad9-44de-4d1a-8886-e2c11f794be3, metron:4d300e2f-0ad5-4180-baa3-087159dd6455, metron:b433c179-c538-4d69-a7e5-62826b01aa2c, metron:c5e6932b-c5ae-4269-9995-0106f3d426c9, metron:f2a9f357-9c11-408a-bf92-da5638979aef, metron:f776ea2a-32d1-48ec-b08c-027972ffd304, metron:fb5c06f0-ef0b-4071-af55-4c6b1653ceb3"
metron:84732bdf-500f-4505-ac8f-2e6b6e7c8e91,Volume Water Price,Prix Du Volume D'Eau,,,0,0,-3,0,0,0,0,0,Dollars Per Cubic Meter,,"$/m³, $/L, €/m³, DH/m³, €/L, DH/ft³, DH/L, $/ft³, DKK/m³, KRW/m³, JPY/m³","metron:dab3e514-2c52-4b1d-9353-a254baded53d, metron:0cedee32-77b9-41ce-9944-b0cd06f52993, metron:901a77c5-b6f4-4247-b1ca-ef8d4c56bd77, metron:b4093c8d-39dc-400a-bb94-46a1da94479a, metron:c64487ad-9d3f-40e6-a110-0554d73e4f8b, metron:c9b2b393-9e10-4877-9cdf-bfd4dbc44e92, metron:ea5d3cfc-b97f-42ff-9b69-3104a9d2426a, metron:015d7850-b588-43cc-b6fe-e8d90d385479, metron:0e7743aa-f6f3-4863-90cf-b41a639d8363, metron:64655d09-a968-4a04-9fd6-ec4dc43d6631, metron:664fbc02-956d-4b9a-8dbf-f76cd8b67b27"
metron:42672c70-8cf4-4491-a5fb-f41b84a0b0f6,Volumetric Flowrate,Débit Volumique,,,0,0,3,0,0,0,-1,0,Cubic Meter Per Second,,"m³/h, m³/s, dm³/min, mL/min, Nm³/d, gal/min, L/s, cm³/h, Sft³/min, m³/d, L/h, dm³/s, kNm³/h, dam³/h, Nm³/h, L/min, gal/h, gal/s, ft3/min, cm³/min, cm³/s, m³/min, Sm³/h, Nm³/min, dm³/h","metron:5008612f-522f-42cd-a0b5-4ea2087ee9f3, metron:40b429cc-5af6-439f-8730-2bd363d50365, metron:c19c3986-82f6-4f33-90a8-2b6e3ee2e13c, metron:ceb17c38-b5da-4154-8394-35567f2c2898, metron:d1a4e960-c9eb-426e-9208-e5b7dc69b377, metron:d345b73d-0733-4150-a850-b8168206bddf, metron:d38b6baa-3591-4040-887e-3b96b31bc455, metron:dfd2f523-4fd3-4d3a-879d-99ae781805cb, metron:e4814c1e-2a3f-44af-8efd-57abbed8f5f5, metron:f81555b7-9bc9-4e59-b760-9b9f380fe579, metron:fbe07f43-c3d8-480c-9be5-64e76760b57d, metron:1f7b8e70-fdb1-44a9-a5b8-51d2d840cd90, metron:13c312c2-d259-4d4d-a307-ee4c79579380, metron:3c09c9e5-8d45-41c9-ae90-5c3a1347b635, metron:394d4c70-850e-41e9-a946-67e734282731, metron:4d89a083-a619-4c62-9f14-dbdce190d0a6, metron:5f93ae79-15ff-47e7-946e-e144ccf66670, metron:524aff1b-762f-47ba-bd49-59772ca3bcd4, metron:65b2f1c3-f9ce-42eb-a696-144c634cd92b, metron:668d1b44-19dd-4846-9ff2-36ace98cbf04, metron:74357c5b-6568-47df-8e44-c8f65b68a38a, metron:872ac348-57ad-42e0-adf5-5d7fa4ccf129, metron:89143e3e-0d1d-45ea-9a67-76ec6e70e128, metron:96100b54-d4e9-4ef5-93b7-6c5821b1b006, metron:398df06e-957a-439e-a54c-bf8516bd4e78"
metron:593f45d9-cb81-428b-92b3-c73899c2e45d,Volumetric Mass Density,Masse volumique,,,0,0,-3,0,1,0,0,0,Kilogram Per Cubic Meter,,"kg/m³, mg/m³, t/m³, lb/m³, g/m³, mg/L, g/cm³, kg/L, mg/Nm³, kg/Nm³, g/L, kg/Sm³","metron:dfe6eb05-332c-4709-a317-666737c7b16e, metron:1ac766ac-98ca-45d7-9c9b-2529bebbdebb, metron:2e63987b-d29a-454e-8493-22cac40d2c07, metron:2ea676fa-ca67-4384-a89c-e838969f0909, metron:466c56b9-fa5f-4085-9f9b-b4544fa86ba5, metron:6820e5c6-c080-44d9-a67e-9b2e663c6268, metron:75736cd3-35a7-4ad0-a96b-045e7e9702a5, metron:a88b411f-68c6-48cf-917b-fbe9153e4020, metron:b720d98f-0a17-44a7-9c01-e0b968832d6f, metron:bd694033-ad31-4930-91bb-2a425677101a, metron:e209010d-af26-4ddd-8b86-316434f4e43c, metron:e741eea6-3033-474e-92d6-f57a68b3faa6"
metron:9e6891d0-d48c-4687-b0fb-d1a0b22af564,Volumic Higher Heating Value,Pouvoir Calorifique Supérieur Volumique,,,0,0,-1,0,1,0,-2,0,Joule Per Cubic Meter,,"J/m³, kWh/Sm³, MJ/hL, kWh/Nm³, kWh/m³, MWh/m³, W/(m³/h), MJ/Sm³, Wh/m³, kWh/hL, Wh/Nm³","metron:9d740787-b53b-4243-89d5-7f3f729044c6, metron:3725b3f1-fbb4-4c4a-8cc4-2072e49c1e10, metron:80643b13-5c8b-4577-9a77-d9efb01529c0, metron:974cbb4b-3434-4617-970b-f6e22da72dad, metron:9a7b4987-b8c6-48d4-83c5-3829cc7e294b, metron:a63e0d2c-94fd-44a0-88c8-256e77bb6c3f, metron:ae73f405-a314-46f9-85ce-b0713c628b5a, metron:b209ba66-9d32-4b28-81cb-f7760d260d4c, metron:e0a430c4-a984-4d08-9f23-07d15ae8293e, metron:e94f4089-a72f-4947-9b2b-d5113fd212c9, metron:f12da8aa-332c-43c6-a151-a86457f4e243"
metron:a0026121-a270-4f66-9a5c-d293219f6a36,Volumic Lower Heating Value,Pouvoir Calorifique Inférieur Volumique,,,0,0,-1,0,1,0,-2,0,Joule Per Cubic Meter,,"J/m³, kWh/Sm³, MJ/hL, kWh/Nm³, kWh/m³, MWh/m³, W/(m³/h), MJ/Sm³, Wh/m³, kWh/hL, Wh/Nm³","metron:9d740787-b53b-4243-89d5-7f3f729044c6, metron:3725b3f1-fbb4-4c4a-8cc4-2072e49c1e10, metron:80643b13-5c8b-4577-9a77-d9efb01529c0, metron:974cbb4b-3434-4617-970b-f6e22da72dad, metron:9a7b4987-b8c6-48d4-83c5-3829cc7e294b, metron:a63e0d2c-94fd-44a0-88c8-256e77bb6c3f, metron:ae73f405-a314-46f9-85ce-b0713c628b5a, metron:b209ba66-9d32-4b28-81cb-f7760d260d4c, metron:e0a430c4-a984-4d08-9f23-07d15ae8293e, metron:e94f4089-a72f-4947-9b2b-d5113fd212c9, metron:f12da8aa-332c-43c6-a151-a86457f4e243"
metron:c6378bad-2ab9-4cb8-98f0-9be1c6ee461d,Water Price,Prix De L’Eau,,,0,0,-3,0,0,0,0,0,Dollars Per Cubic Meter,,"$/m³, $/L, KRW/L, €/m³, DKK/L, DH/m³, JPY/L, €/L, DH/ft³, DH/L","metron:dab3e514-2c52-4b1d-9353-a254baded53d, metron:0cedee32-77b9-41ce-9944-b0cd06f52993, metron:292e437d-76d8-4216-995c-e278fc6c1bb2, metron:901a77c5-b6f4-4247-b1ca-ef8d4c56bd77, metron:9464be57-b471-4301-a5e9-3b6145cfb380, metron:b4093c8d-39dc-400a-bb94-46a1da94479a, metron:b47cb613-09d7-423d-a5ec-05fb5206a12f, metron:c64487ad-9d3f-40e6-a110-0554d73e4f8b, metron:c9b2b393-9e10-4877-9cdf-bfd4dbc44e92, metron:ea5d3cfc-b97f-42ff-9b69-3104a9d2426a"
metron:44c45b88-ecb4-430f-a241-495f6b60bf9d,Wet Bulb Temperature,Température Du Thermomètre Mouillé,,,0,0,0,0,0,1,0,0,Degree Kelvin,,"K, °C, °F, da°C","metron:bc74c6e1-8ac0-4491-9e91-fc4c97d0baeb, metron:59c20b5c-b271-4d4e-ab2b-db92e24cbe61, metron:a1b32680-a76f-4f06-8dfb-54535895bba5, metron:d30519eb-04da-4682-a159-63374cb7d974"
metron:63753ddd-1d5b-4020-8f9b-384b938f7b63,Wind Direction,Direction du Vent,,,0,0,0,0,0,0,0,0,Radian,,"rad, °","metron:6f140e1c-cbe0-4dc7-bcf8-8c59e7d65fed, metron:9f8593a2-e5e6-47dd-ba97-986ee95b0c28"
metron:a207c3b5-31d9-4fe8-b4b5-e97bf7dcc36e,Wind Gust Speed,Vitesse de Rafale de Vent,"A gust or wind gust is a brief increase in the speed of the wind, usually less than 20 seconds","Une rafale est, en un site donné, un renforcement brutal et passager du vent, qui se traduit par une hausse brève et soudaine de la vitesse instantanée du vent en comparaison de la valeur alors acquise par sa vitesse moyenne",0,0,1,0,0,0,-1,0,Meter Per Second,,"m/s, mm/s, m/min, km/h, ft/min, kn, cm/s","metron:c1f3d976-f4cc-4aa2-9c97-6d8ade786269, metron:03f94100-7ab4-4c13-9412-6f8331888325, metron:42e0133f-3c2c-43a2-b9f6-d9e36dab4033, metron:5fe5cb8b-cf59-4c5a-8549-24f6ee22686f, metron:6d4a7682-fea6-49f6-8bee-764597e953f7, metron:8f480199-d55f-424f-9465-84a8ff2edc59, metron:ab375ca9-fc95-49ca-a09b-e9bfe4036256"
metron:68677671-9739-4866-9f73-9d6edd17eedb,Wind Speed,Vitesse du Vent,,,0,0,1,0,0,0,-1,0,Meter Per Second,,"m/s, mm/h, mm/s, m/min, km/h, ft/min, kn, cm/s","metron:c1f3d976-f4cc-4aa2-9c97-6d8ade786269, metron:01eb43df-12d6-4609-8b5d-6e1adf9c318a, metron:03f94100-7ab4-4c13-9412-6f8331888325, metron:42e0133f-3c2c-43a2-b9f6-d9e36dab4033, metron:5fe5cb8b-cf59-4c5a-8549-24f6ee22686f, metron:6d4a7682-fea6-49f6-8bee-764597e953f7, metron:8f480199-d55f-424f-9465-84a8ff2edc59, metron:ab375ca9-fc95-49ca-a09b-e9bfe4036256"
